{"sampling_seed:100": {"accuracy": 11.333333333333332, "lorahub_weights": [0.02145409091160637, -0.008710786825741092, 0.018872040338612398, 0.5444400868669396, -0.02326770409071487, -0.045275854472770306, -0.026685110097376428, 0.5186796291206857, -0.07194836412650804, -0.21309127138852393, 0.30406870109392237, 0.015526881862341094, 0.01585798379975134, -0.006675160588623927, 0.5197700168910264, -0.06684906232277286, -0.04009598456857699, -0.027961359992414468, 0.5266482294837689, -0.06865292808361789]}}