{"sampling_seed:100": {"accuracy": 0.6666666666666667, "lorahub_weights": [1.2391652026253384, 0.8926815717111473, 0.8280439083333979, 0.4710013032038631, 0.5154786554717099, -0.09941659008460654, -0.19830565559190447, -0.26662546574237456, 0.5847471287268144, 0.8219678978882266, 0.34062086624607424, 0.012323184969999956, 0.012615229927824392, -0.28594272522599257, -0.05339164981171248, -0.08413951462305466, -0.6572882826719812, 0.505125043933024, -0.09984260973952387, 0.9712666891953988]}}