{"sampling_seed:24": {"accuracy": 0.6666666666666667, "lorahub_weights": [0.6544908511166077, -0.1916963188699943, 0.2110367183749878, 0.007096307496518923, 0.033028375296256934, -0.011923435919063224, 0.05131161479853383, -0.13570732040623468, -0.17108317662410905, -0.020450644492138233, 0.005253117647631707, -0.153856461923229, -0.12708072508427692, 0.00978663694083724, 0.03002330810252913, 0.005418759934011316, 0.508211265300506, -0.034237999912140896, -0.012359161301026336, -0.005052638269774457]}}