{"sampling_seed:100": {"accuracy": 0.6666666666666667, "lorahub_weights": [1.1510996172738803, 0.8702412072752822, 0.8441053715263834, 0.5628551622256308, 0.7535370582056147, -0.14313566718942639, -0.18494488631679543, -0.008319679159431777, 0.5616952944386441, 0.43236882394932963, 0.030374188140655376, 0.03957069438082839, 0.06701688962453638, 0.10363603794964112, 0.11955722158604178, -0.3245421613887266, -0.7824918831067693, 0.16669235417384462, 0.10337695320309853, 0.692211450011696]}}