{"sampling_seed:42": {"accuracy": 54.0, "lorahub_weights": [0.5499419472598578, 0.5034792263826893, 0.4946506824502625, 0.42936747110987605, 0.5873498756712642, 0.4998866868639045, -0.004612751546229754, -0.11470832707187133, 0.0007222813297970526, 0.12493514340541126, 0.38499045654043, -0.003167142720621221, -0.003167142720621221, 0.04563924031302933, -0.003167142720621221, -0.003167142720621221, -0.003167142720621221, -0.003167142720621221, -0.003167142720621221, -0.003167142720621221]}}