{"sampling_seed:24": {"accuracy": 0.6666666666666667, "lorahub_weights": [0.9430040939260838, -0.3948328898726466, 0.8823453641220103, -0.08967938736528887, -0.11384490324700475, 0.302047687960233, 0.12429449445615429, -0.15189478629245776, -0.11568570241671841, -0.11946497020070546, -0.4133486276264955, -0.21037577837887234, 0.1369010077090505, 0.4810262523972016, -0.4717977293405071, 0.45555878912452735, 0.3350143505986123, -0.2322644812236661, 0.6083714118164469, -5.147977873114555e-05]}}