{"sampling_seed:24": {"accuracy": 56.00000000000001, "lorahub_weights": [-0.19641399251144953, -0.9558701219626444, -0.9730450562249577, 0.1948028016712616, -0.04647452265415222, -0.14942743170356743, 0.14312375749226794, 0.47264289990927155, 0.4163529847204398, 0.9757529500543256, -0.3841594380803323, -0.6301934478359787, 1.0373434459447797, -0.21298556061524362, -0.9597926061681932, -0.32752071640302505, -1.0129613849123058, 0.08328672009127044, -0.06602016069053981, 0.6105331012419579]}}