{"sampling_seed:100": {"accuracy": 51.33333333333333, "lorahub_weights": [0.18246894768363486, 0.12427126448356034, 0.010388797994596449, -0.09180144038005852, -0.05239279998036687, -0.11542416931218287, -0.06800862625035825, -0.07310793269411281, 0.1347586775061212, -0.173736950153524, 0.02174162720491962, -0.05010631103337142, 0.8774312771320646, -0.002372680954455128, -0.22813708871082305, -0.0015355110703979265, -0.14634974540036516, -0.08498289086809747, 0.5984235209532491, 0.10831758568541477]}}