{"sampling_seed:42": {"accuracy": 0.6666666666666667, "lorahub_weights": [1.1142638527299091, 0.7751456185545679, -0.686823255316618, 0.4153439783342826, 0.2707880765612198, -0.031137450122251612, -0.6193081368896672, 0.08287469043713247, 0.08871737248610072, 0.7518278462268653, 0.35689217533805573, -0.24797634165132776, 0.5020104750591928, 0.34730837088568367, 0.22740701423253618, 0.680358545782601, -0.08386256719702184, -0.6081950114589266, -0.18101568048609779, 0.743078453338403]}}