{"sampling_seed:100": {"accuracy": 48.0, "lorahub_weights": [1.202211291488783, 0.573652600555495, 0.02401284456030437, -0.010179710383936934, 0.19193638078243902, 0.04316403482763871, 0.07705019647985582, 0.027893240980775003, -0.02192654241365849, -0.03674469935163701, 0.20703858745244022, 0.18935832484791726, 0.021853166914522063, 0.0611072102817231, 0.051580251943604744, 0.0851021653719562, -0.028791566518321057, 0.06134893030007245, 0.06653947263113474, 0.07596187111879057]}}