{"sampling_seed:42": {"accuracy": 59.333333333333336, "lorahub_weights": [0.4475284327416459, 0.4913974958828578, 0.4951493173242718, 0.4986968841605958, 0.49835055750807056, -0.0014056252982485842, -0.00104538380457305, -0.0006810331255274033, -0.0006611246289915725, 0.0007207462850019991, -0.05912287564776712, 0.004827146938195023, 0.0008734314626791098, -0.0008792623036589457, -0.0027329828450761186, 0.020760234520254526, 0.1034037617803001, -0.006874230761692068, -0.07680719664376376, 0.0004750908638545201]}}