{"sampling_seed:42": {"accuracy": 21.333333333333336, "lorahub_weights": [0.345875761510962, 0.2927092303805539, 0.02923460015434301, -0.2488198006465486, -0.029011417289144602, 0.005729342652596842, 0.0382357828179154, 0.08907566347726156, 0.03193061595386911, 0.0845944390532098, -0.07633074147947785, -0.08972658182672218, 0.030273422618649792, 0.019143449506130637, -0.09063980926245989, -0.038748312436365145, -0.10412511109582591, 0.5632004239266443, 0.021281954205850953, 0.18007174086912217]}}