{"sampling_seed:100": {"accuracy": 45.33333333333333, "lorahub_weights": [0.9540181014704239, 0.7895723265861088, 0.7031776371519556, 0.1170647091761242, -0.08815546701613056, 0.034943085907044834, 0.014889364637239257, -0.20032363238570972, 0.14832261714160577, -0.10013875686703233, -0.13718154506904362, 0.5911281824198155, -0.3493416952282767, -0.14076194059890876, -0.2873173329222986, -0.06608216477523599, -0.2557266491547936, -0.11597461638544863, 0.06051960065896453, -0.0013142865484512753]}}