{"sampling_seed:100": {"accuracy": 6.666666666666667, "lorahub_weights": [0.06220129450271642, 0.7512189852087924, 0.7983201490325652, -0.05042476289329931, -0.030856058185726752, -0.17349438742559695, -0.06272016088183976, 0.6425210968605398, 0.12072338964341833, -0.05753326874011502, -0.0863704979237229, -0.040492733761480965, -0.07298488316261975, -0.19104799318515459, 0.5148836324066335, -0.36603340983235944, -0.2409618573230255, 0.5077312065862616, -0.3474944811323233, -0.21971948035978]}}