{"sampling_seed:42": {"accuracy": 55.172413793103445, "lorahub_weights": [-0.03013585641243148, 0.013442137702070596, -0.2277934744926922, 0.004633868223019374, 0.06850371835187058, 0.5197268374607645, -0.24618777291903376, 0.5047665331113732, -0.010030730106373294, -0.008288645569073542, -0.007070108272195748, 0.5200362942457671, 0.5259616529692452, -0.017006095914646198, 0.6057306257138254, -0.008764714657139133, -0.008764714657139133, -0.008764714657139133, -0.008764714657139133, -0.008764714657139133]}}