{"sampling_seed:24": {"accuracy": 44.666666666666664, "lorahub_weights": [0.024549726524648652, 0.6722646152655688, 0.49342668057975375, 0.7881289862342377, 0.0020307536027438277, 0.5141226994202308, 0.009604783034458251, 0.7284348582601641, 0.41135852990202587, 0.2531318601711898, -0.10039424077385256, 0.5026219527474692, -0.0598934547701146, -0.28840579475530925, -0.21661524028444573, 0.441827001103238, -0.29002304634870657, -0.010287651741323631, 0.28824317246952386, 0.5164242274254878]}}