{"sampling_seed:24": {"accuracy": 40.0, "lorahub_weights": [0.6141717082663718, 0.8923564812867744, 0.6639838046618363, 0.058339958559303816, 0.01528579630827771, -0.02556689373013284, -0.12766418646677316, 0.05729992124417294, 0.20083702109826784, -0.009135676511844534, 0.026136334284574524, 0.5294232948342298, -0.030938362000132613, -0.27952498670422127, -0.2791145557053882, -0.2989929534726562, -0.12686295082223087, -0.46713737460491445, 0.046147509101391086, -0.06310261518555624]}}