{"sampling_seed:24": {"accuracy": 30.666666666666664, "lorahub_weights": [0.4589573607291331, -0.04753026668407758, -0.0640171993738042, 0.4989133629252812, -0.07523527742928411, -0.04324753869488639, -0.006578294742995393, -0.002717732032220578, -0.01238357217317601, -0.003560334281325041, -0.0012413057016450331, 0.5098309476539378, -0.012761806459524327, -0.014959198083007403, -0.017731596288521476, 0.6209486964530231, 0.05005238115185228, -0.012669956831743587, -0.012669956831743587, -0.012669956831743587]}}