{"sampling_seed:100": {"accuracy": 1.3333333333333335, "lorahub_weights": [0.3358717673391536, 0.6680896030506434, -0.3409491305557022, -0.09885246878274287, 0.10411973316707177, -0.051892144900496366, 0.11330059582778956, -0.3416064685175238, -0.032056649498676065, 0.01173357496712147, 0.15974167952274096, -0.14288781547400756, 0.7754162955738011, -0.45415948170038245, -0.2745721413059455, 0.5612842822675591, -0.010380270791430724, 0.20539058466735494, 0.37916056314733265, 0.6024320372202291]}}