{"sampling_seed:24": {"accuracy": 36.666666666666664, "lorahub_weights": [1.2326583926089543, -1.0801694396458985, 0.34228641240357, -0.7914330971968421, -0.20673107920258882, 1.1862939110139812, 0.02344483214668225, 0.46371613989769705, -0.56667748350633, -0.618844081898491, 0.5352779208051537, -0.7702079676843113, -0.0007015731702622041, 0.2253849675519638, 0.1862975353021341, 0.14268486221731694, -0.35927149585658236, -0.9351356711692497, 0.42729077501275275, -0.5904987486630102]}}