{"sampling_seed:100": {"accuracy": 44.666666666666664, "lorahub_weights": [1.099698092804689, -0.3766455788258132, 0.4564717039464261, -1.2157121360474825, 0.5228885186389924, 0.4914546768617127, -0.266044972593552, -0.0891130142552376, -0.03796687819755641, -0.027145078908558683, 1.78719370537113, -0.624855172051063, -0.4928615260531979, -0.013408018072442407, 0.29413177667989604, -0.2221126014918148, 0.6906585180729465, -0.867064079709624, 0.6137180141389902, -1.3331071994172365]}}