{"sampling_seed:24": {"accuracy": 23.333333333333332, "lorahub_weights": [0.4387893540115624, 0.3061940103124435, 0.5131592486948859, -0.007167555149737413, 0.020155831154119248, 0.1387100140376879, -0.012936270501598445, -0.005815704850035601, 0.006985425454218624, 0.12728517500796602, -0.017290028749968097, -0.013932038951835922, -0.03218098611114881, 0.03317504925366104, -0.0366113472754763, 0.08219144166027935, -0.011728962698970372, -0.008883097609288827, -0.09288149994717021, -0.0182515768234696]}}