{"sampling_seed:100": {"accuracy": 54.666666666666664, "lorahub_weights": [0.8166169572333579, 0.5142572523892284, 0.21512618310822287, 0.2724831792252954, 0.600461166450874, 0.18200722735280403, 0.4452680337042878, -0.0589838735549959, -0.6084555755575687, 0.4131780952994487, 0.0717182731719877, -0.0951292550671875, 0.430236960826482, -0.18853143647045106, -0.06587572400701314, 0.09915840497291573, 0.6245793077053804, 0.07909341367216685, 0.17270637091038116, 0.4664751797494965]}}