{"sampling_seed:100": {"accuracy": 0.0, "lorahub_weights": [-0.2765242702500909, 0.7687494185907344, 0.5238247296132297, 0.7455651377988088, 0.3004754133626919, 0.40988141546654494, 0.39367231132094255, 0.10973463426467948, 0.7065947912500147, -0.049588877260959216, 0.7632729690849184, -0.0559887620671182, -0.031181453032964563, -0.0864578276080428, -0.03446015289471268, 0.05986079066168978, -0.03291981963309752, -0.4870979098616868, -0.08572604727142413, -0.30880550281536057]}}