{"sampling_seed:100": {"accuracy": 28.666666666666668, "lorahub_weights": [-0.18084265906423455, -0.4500790017583407, -1.2977488549096416, 0.23534317343539438, -0.8093667417383514, -0.10989426479921173, -0.010478191970324083, 0.37809717838727847, 0.11185745570193972, 1.1029539049057082, -0.5577210759569813, -0.7975543785789312, 1.046829796160165, -0.48646301090952926, -1.3184800002521742, -0.21156002850134956, -0.8706277994318478, 0.36416368563666174, 0.19654102353359493, 1.00356758450237]}}