{"sampling_seed:24": {"accuracy": 65.33333333333333, "lorahub_weights": [0.07761098943606051, 0.2643622240879429, 0.30889292494408094, 0.14526853052227398, 0.29983337161215273, -0.19427558526522043, 0.763501543169552, -0.01478879407023562, -0.17286777762089486, -0.002587633772416861, -0.039446495455176166, 0.5118719713170232, 0.5348481155564275, 0.0040059328541942165, -0.06096809621374755, 0.059138250314843904, -0.05237324079951641, 0.7455428884781956, 0.5015270176507904, -0.06987353330839449]}}