{"sampling_seed:24": {"accuracy": 40.0, "lorahub_weights": [0.7559491041961562, 0.4436273454332502, -0.3121278551291498, -0.8032758079407298, -0.5544822675783415, -0.9821668820209204, 1.194999747068048, -1.496772082733149, 0.3930755215910053, -0.6813361074420117, 0.17144673699758434, -0.5600128926731597, -0.5482502332464994, -0.2073665617489399, 0.47471262438474027, 0.37935678137961537, -0.15319498457096692, 0.38946949307644063, 0.05571966285084756, -0.060844531254452855]}}