{"sampling_seed:42": {"accuracy": 0.0, "lorahub_weights": [-0.2027705656009664, 0.9829724569943331, 0.7304120699159892, 0.254895211920676, -0.2950092995928347, 0.31526210254617654, 0.32845363217533735, 0.41309024383894627, 1.1145124660279286, -0.1674392880445877, 0.8027438833973237, -0.09089445106583585, -0.03726066043251837, -0.10351618257647248, -0.0630034795283312, 0.04751689629947403, -0.08906212752147288, -0.40648749017496943, -0.1304381085065953, -0.1547444036329941]}}