{"sampling_seed:100": {"accuracy": 6.666666666666667, "lorahub_weights": [0.0068436972781303045, 0.03201162151341038, 0.6342006720907272, -0.04509867641337961, -0.008737128083134094, -0.07817258947350608, -0.028623148121806052, 0.5927673992886786, -0.13729386697496818, 0.03381952313517944, -0.028194300114752047, -0.00433982396919338, 0.24918647340333244, 0.5224059717442356, -0.19972592770343164, -0.21913091662667908, -0.11700332801079705, -0.07879350266937886, 0.07512679230030671, -0.09159879721401804]}}