{"sampling_seed:24": {"accuracy": 52.666666666666664, "lorahub_weights": [0.8919429167961606, 0.6939990113291743, 1.0872334452615497, -0.22100521910404256, -0.01569714016461159, 0.506876492569356, 0.05059248176810488, 0.15993224354058527, 0.03579244273232429, -0.2557278139434186, 0.02756770024484951, 0.012581577416541263, -0.09677548613978988, -0.14720975018056134, 0.0355769965072427, -0.16689129700449967, -0.3333918241715147, -0.2041122597867264, -0.04790664529061879, -0.225048423510161]}}