{"sampling_seed:42": {"accuracy": 41.333333333333336, "lorahub_weights": [0.5338382909825914, 0.2704528484877558, 0.5994637825586817, 0.30981076601154, 0.01796287004961194, 0.2171200606780083, 0.5032895584042125, -0.08351386107472739, -0.00609512749594026, -0.030938648881721126, 0.1258334306883726, -0.17807952527292292, -0.1897266320884492, 0.036187027175180006, -0.14148651684523028, -0.036345014034352655, 0.14677489288418227, 0.14131186972234275, -0.17887196214198103, 0.03249085570570874]}}