{"sampling_seed:42": {"accuracy": 24.666666666666668, "lorahub_weights": [-0.4957254683378619, 0.8570548032714477, -0.5653769127639978, -0.2822889693015812, -0.15037871257319224, -0.8585484466382883, -0.09641809152147084, -0.15124129721663204, 0.19709682721457922, 0.5836094140345784, 0.1350150341423217, 0.7506958096074663, 0.8719436593825323, 0.5981711977772579, 0.4560986228381424, 0.3346585203294754, 0.45777292858563, 0.18072503472824789, 0.4232419296282319, -0.18182262233114688]}}