{"sampling_seed:100": {"accuracy": 0.6666666666666667, "lorahub_weights": [-0.0017755800950384152, -0.16452501470748437, 0.2660184152904042, 0.055459153282584446, 0.6260472347784063, -0.07595729450459264, 0.05242565963472509, -0.07719342142414468, -0.11122521027199017, -0.06702678088043389, 0.007834242440156096, -0.15976617771232193, 0.07586753962239963, -0.06317154802904629, 0.4329292924774557, 0.19676780571738506, -0.019725123274252708, -0.02861071876670145, -0.0025884083527200645, -0.012436219276133621]}}