{"sampling_seed:24": {"accuracy": 36.0, "lorahub_weights": [0.8328417370423091, 0.8810024318014074, 0.8498498811790793, -0.06428026057355651, 0.24298371244739655, -0.12979724258420502, 0.18566010016630022, -0.08191459659950161, -0.057227781538544714, -0.006705812438293033, 0.5102607360020769, -0.10218565466732221, -0.06163617796756891, 0.3206846982010371, -0.08868890100466423, 0.13854794461891415, -0.09676093605382505, 0.022357610756594627, -0.1305405040284033, -0.00957367393865234]}}