{"sampling_seed:24": {"accuracy": 1.3333333333333335, "lorahub_weights": [0.25595780834391696, 0.02779102703533909, 0.06238600912538486, 0.0903584599017695, 0.017977805943808576, -0.10667686820818269, 0.09916863183203417, 0.1593833402596656, -0.05126510902734276, 0.0057614191547337365, 0.08118818240341841, 0.13691849485996233, 0.12616698708922, -0.043707010170929886, 0.019021459542426546, -0.007424542493508306, -0.05488605242803659, 0.018223936479514462, 0.04309156003154967, 0.00017928381786180142]}}