{"sampling_seed:42": {"accuracy": 46.0, "lorahub_weights": [0.1071051408720574, 0.36246911882188176, 0.7551290502895853, 0.6263635024059656, -0.1328676693443683, 0.5212691238421052, -0.06814464778985167, 0.5597928047831292, -0.11887468949508607, 0.39554067912606816, 0.2718838862978872, -0.004205734573272882, -0.10562129836556579, -0.1026022975416515, -0.22111167231362228, -0.042226036757268076, 0.18262851897200028, -0.13274571483416484, -0.33871751258290694, 0.5789112325519385]}}