{"sampling_seed:100": {"accuracy": 44.666666666666664, "lorahub_weights": [-0.0396029869913288, -0.17988268318716574, -0.538536110655002, -1.0702665382217411, 0.04266302846487703, -1.398943399145532, 1.465493683331275, -0.5589556628274746, 0.7850447703901395, -1.3601606636850638, 0.5626875922694144, 0.48221097686195463, -0.9065187535290913, 1.4695288058182057, 0.2691563773983202, -0.1880231576075637, -0.4715846058560725, 0.35780473910775623, 0.5095032799092323, -0.7379729162936403]}}