{"sampling_seed:100": {"accuracy": 1.3333333333333335, "lorahub_weights": [0.8509486809136683, 0.46444850394012377, -0.17374596542925938, -0.06989144036838063, -0.1526811532492403, -0.02841956726644626, -0.012562278347798503, 0.0019164423243738125, 0.019610496060006522, -0.1824977967090521, 0.2461046087514993, -0.0781721188587366, 0.5182730337682354, 0.1911011995503666, 0.19687486890169606, 0.5381970121146512, 0.14105779615750785, 0.13709723068804677, 0.15821480687679973, 0.571002045482542]}}