{"sampling_seed:42": {"accuracy": 57.99999999999999, "lorahub_weights": [0.3614283599758455, 0.4484899775964671, 0.4992037867314501, 0.5000796851011855, 0.5012720841361502, 0.05205029417628418, -0.10037872432357675, -0.007234774477912806, 0.21658579218670834, -0.04848964908494788, -0.11815992197767869, -0.005143318996528713, -0.05937321386146284, -0.0020322806583244544, -0.006922677087560685, -0.05695095634002216, 0.19409524843039652, -0.017847918283041896, -0.06876888959965446, -0.09512986225754394]}}