{"sampling_seed:24": {"accuracy": 38.0, "lorahub_weights": [0.1763376862959165, 0.29857169712414616, 0.09484146600261094, -0.22503239797187552, 0.6028087913387279, 1.0476848685728655, 0.5398389447413952, -0.06426965452077611, 0.011785577535068753, -0.5332322173685311, 0.36875352984186394, 0.027432574366545538, 0.6837414538250286, 0.8028303342462303, 0.13955540825798654, 0.4418024716524847, -0.6115396017848567, 0.515215698276151, 0.1531124233402894, -0.0961560190925137]}}