{"sampling_seed:42": {"accuracy": 45.65217391304348, "lorahub_weights": [0.5208184262874783, 0.009449201188150631, 0.548237909125014, -0.15584876761900565, 0.701739839899742, -0.18167661745019528, 0.0015344796662868252, -0.016856761881230652, -0.1654583433706872, -0.20895940685744074, 0.19521207959847767, -0.243102676957904, 0.5438575441779632, -0.26039314850537454, -0.17761145119255828, -0.11642723027869555, -0.07312275366195091, -0.20422857070347605, -0.08412672413294389, -0.17799972957601257]}}