{"sampling_seed:100": {"accuracy": 27.333333333333332, "lorahub_weights": [1.1238057584633192, 0.7309674211673617, -0.21031160122898093, -0.06978296800741238, -0.09018162114710172, 0.3713342781290702, -0.3533266958182552, 0.23142258181354633, 0.6168214979677957, 1.0084295396892287, -0.24252102530975345, 0.5093883030469497, -0.3007091538507415, 0.7511213367118673, 0.2212953369979249, 0.5785131717657557, 0.5628425905769215, -0.07709477193141975, 0.5317670008736683, -0.009506266655427201]}}