{"sampling_seed:100": {"accuracy": 42.66666666666667, "lorahub_weights": [0.6577924766346186, 0.7027432178366094, 0.6720496560721128, -0.03872360696145023, 0.5257829655814336, -0.11721371821421034, -0.09264196941464664, -0.1371123191170416, -0.19526713756236058, -0.09280933250613423, -0.01229696661675056, -0.13416343949003323, -0.0158729519798126, -0.08969043630179466, -0.11502622318144089, -0.18344364689105935, -0.09741835449498036, -0.15162039116914075, -0.10792408539969682, -0.16791742365491297]}}