{"sampling_seed:24": {"accuracy": 38.0, "lorahub_weights": [0.6725234492481323, -0.4234290688127682, -0.1652582104604648, -0.1222981131635148, -0.26293732899871214, 1.2141323969593176, 0.6867083578082079, -0.5274524565826713, 0.12399837111638451, -0.1401466597116554, 0.34496571833874756, 0.42078703316837285, 1.0385247063654113, -0.5990426081110569, -0.4377851065862432, 0.6688625585684519, -1.1563150940003402, 0.5639429801432185, -0.02321104041024341, -0.22576664627782014]}}