{"sampling_seed:24": {"accuracy": 12.0, "lorahub_weights": [0.2203275387065612, 0.17413458052176206, -0.0006274421025290857, 0.6205088001193386, -0.0025541649002276323, -0.00800633278774356, 0.03345862176109221, 0.5036900036886878, -0.004750855686136209, -0.00392608685633767, -0.01453342624831276, -0.0042011070240457376, -0.015973973025454228, -0.004502863913274859, -0.0001162498762528642, -0.008812462303110266, -0.00654022987158978, -0.004620144368611797, 0.5045913853786994, -0.005772392897123585]}}