{"sampling_seed:24": {"accuracy": 40.0, "lorahub_weights": [0.1776178950978427, 0.5207159531432428, 0.679627949830685, -0.21542626669738235, 0.5703005289484516, 0.8517128212045805, 0.420221052045006, -0.09120132295036984, 0.3818633955566542, -0.3168879183597662, 0.015064254545739184, 0.04248571008096777, 0.7855116520783317, 0.5356843537843297, 0.4297783344398774, -0.008502396615993144, -0.3934417937441481, 0.7095268626834466, -0.22387905904969557, -0.16363943990520255]}}