{"sampling_seed:24": {"accuracy": 22.666666666666664, "lorahub_weights": [0.4914271932834506, 0.39080520968785915, 0.5003268068388181, -0.0029132598276379014, -0.005464562164984939, 0.22039056837370793, -0.0037374274618099407, -0.024837952927511245, -0.014666341156860205, -0.014508551727859411, -0.004359442315456379, -0.012920190907362614, -0.006486890863418061, -0.013790618695846914, -0.007119849859766098, -0.013320034205741219, -0.0035649412227223383, -0.009155760615654984, -0.00854307966925033, -0.0044968172338816365]}}