{"sampling_seed:42": {"accuracy": 44.666666666666664, "lorahub_weights": [1.2213810514766705, 0.29576643095695526, -0.3086550940476248, 0.49306422909009323, -0.081006690110232, -0.02619505139136468, 0.073930241646904, -0.03645755118774244, -0.11558188558017482, -0.07628137033777632, 0.05353545135871523, -0.15165597235521092, -0.01209878461941819, -0.10254821336583392, -0.2518811963955766, -0.10639269818067236, 0.09741193690210238, -0.00045338091820727153, -0.06192938596363466, 0.11156090143563946]}}