{"sampling_seed:100": {"accuracy": 70.0, "lorahub_weights": [0.4926918261517935, -0.2900110925067636, 0.45792345644707194, 0.4218387915238697, 0.687449071390091, 0.4987307749582931, 0.49921523001109214, 0.5, 0.02653153033032141, 0.5, 0.0028792398981748605, 0.23680344998740976, 0.0, 0.0, 0.007370374709064976, 0.0, 0.5034316522082135, -0.003431652208213536, -0.003431652208213536, -0.003431652208213536]}}