{"sampling_seed:24": {"accuracy": 50.66666666666667, "lorahub_weights": [0.7102903694656232, -0.030130164705157208, 0.47360983636033044, -0.27826855758334773, 0.6239395686634808, 0.11075277049577854, -0.26210891498594874, 0.004470250346739986, 0.17021844950672307, 0.5018108625861715, -0.011658444581245651, 0.46482913973694284, -0.008867826198794369, 0.2857748338612932, 0.40080820889209406, 0.25550747994385614, 0.7604295055211636, 0.5202837799662163, -0.023325983950230413, -0.01629180456500401]}}