{"sampling_seed:100": {"accuracy": 50.66666666666667, "lorahub_weights": [-0.012652966428806027, -0.14235056471908508, -0.27403856406615734, -0.010352874841589801, 0.6014878943546654, 0.2827220802800263, 1.0718851067176864, -0.28879420307458875, 0.30839518485490514, -0.41734397722283856, -0.1830066051991405, 0.26647052348390554, 0.5654050439495724, 1.0320105948745104, 0.6306148042489061, -0.20066366957221346, -0.35702652733543017, -0.15645381458303947, -0.176783766243591, 0.5046764831804572]}}