{"sampling_seed:42": {"accuracy": 72.0, "lorahub_weights": [0.4738036100244831, 0.4628872733330101, 0.4782978318746287, 0.4670558749368557, 0.4603187995068163, 0.002470655025049795, 0.4841829168403709, 0.48565826746430946, -0.006636515574086998, 0.5005882762238797, -0.005376433243623606, -0.0019300989892474326, 0.5015880205634496, 0.5007660300137541, 0.22446033441176103, -0.021051874499520902, -0.004557612742182401, -0.021774977319651723, -0.07364580438161102, -0.004376016379797864]}}