{"sampling_seed:24": {"accuracy": 43.333333333333336, "lorahub_weights": [0.5179445109185505, 0.5269430679140874, 0.5042719573720738, 0.466302735070423, 0.005889271013061378, 0.12184218330445581, -0.004384842128858328, 0.02057046941491534, 0.12503901348852178, -0.016066725594389434, 0.02417789088112319, 0.0325644468735507, -0.016071691964733584, -0.015113280709022625, -0.0024537598295828623, -0.01563100294057327, -0.0168423151326614, -0.0031823999905759084, -0.05718647551409149, -0.06822391068284511]}}