{"sampling_seed:42": {"accuracy": 56.32183908045977, "lorahub_weights": [7.801583317767541e-18, 8.262237943636365e-18, -1.6633194070766722e-18, 1.848284097105334e-18, 2.4677518402496172e-17, 0.5, 1.7743514755122566e-18, 0.5, -7.493885317576546e-18, 9.020200239963467e-18, 0.0, 0.5, 0.41875325912098654, -0.09499456351043699, 0.5, 0.0, 0.0, 0.0, 0.0, 0.0]}}