{"sampling_seed:100": {"accuracy": 18.666666666666668, "lorahub_weights": [-0.010161056896223169, -0.2650933247243657, 0.3455749010696903, 0.6989718395158722, 0.5055115843233018, 0.5261703393613681, 0.4959052087096496, -0.009032969876890888, -0.004210746748007112, -0.0009529980248702681, 0.0664118922768715, -0.0008859214436084139, 0.23600056701785188, -0.002080379215531782, 0.4957611705130323, -0.025442915968249033, -0.0013555678629259822, -0.011363974532094557, -0.004827392366817942, -0.006498641950031157]}}