{"sampling_seed:24": {"accuracy": 41.30434782608695, "lorahub_weights": [1.3292232910969075, -0.13078657577697103, 0.517340434439868, -1.2979972716036132, 0.5156966846263283, 0.6435854998483492, -0.21918220615696138, -0.013605882462862593, -0.596567495629881, -0.26019866128237323, 1.464791231404267, -0.594857069773369, -0.5349074060802194, 0.17243886251580004, 0.27823728522245483, -0.18692069934908276, 0.2759156269409237, -0.754108196331435, 0.5023632822660219, -0.9492194913889457]}}