{"sampling_seed:42": {"accuracy": 50.0, "lorahub_weights": [0.25470682872570877, 0.05203391038504475, 0.1514171509822495, -0.026633461593261118, 0.4826582663657672, 0.01810149065101793, 0.11676919017817898, 0.016488425894115574, -0.016615560194094138, -0.020296832829637804, 0.00865857809736281, -0.01451854120791344, 0.5039230571585667, -0.05636480269992161, 0.0445470035662499, -0.02974101440481067, 0.15757951125822683, -0.03192393756753471, 0.14555265580508067, -0.028273975097879437]}}