{"sampling_seed:42": {"accuracy": 56.666666666666664, "lorahub_weights": [0.5101865207394174, 0.2969652008327778, -0.15159263096849673, -0.34007593222511634, 0.43022692709405863, 0.6313312512468653, 0.09112908821410452, -0.15949543530988802, -0.07627656364246897, -0.21261616629908708, -0.03184345174735916, 0.48402902570998607, 0.6443697485938757, -0.016617136606475784, 0.3666217140384487, 0.03942947737742906, 0.04547858722783326, 0.07313337708798054, 0.10127295158609889, 0.06399101565989196]}}