{"sampling_seed:100": {"accuracy": 67.33333333333333, "lorahub_weights": [0.4983799620994366, 0.5028493882562185, 0.4640740561745648, -0.12921751142113427, 0.0021265755069351366, -0.12799678476097728, 0.0007974104679404538, 0.4941893940142119, -0.000219785358247051, 0.001522714703965302, -0.014258251302974274, 0.023217773119653628, 0.004463085678440767, -0.008224132714801297, -0.02483702194668933, 0.2398435664227421, 0.037322516708268735, -0.06572469225795993, 0.029109057058012727, -0.24321833023805706]}}