{"sampling_seed:24": {"accuracy": 1.3333333333333335, "lorahub_weights": [0.6723248334460145, -0.33167072414399096, -0.9042057276294231, 0.1966357453534286, -0.10950061476674733, 0.13393470892647805, 0.10121789425574193, -0.013330316392593716, -0.16849889082839717, -0.2878449092262968, 0.0998871947732739, 0.25917125970243593, 0.4804041725990035, 0.38840393869017775, -0.009397318990888179, 0.4752412758801817, 0.11374966082710264, 0.07072908310483532, 0.2608920510630701, -0.011712656702370178]}}