{"sampling_seed:100": {"accuracy": 56.41025641025641, "lorahub_weights": [0.1698497406813225, 0.18227121601086602, -0.4312467034817584, -0.0990233777591285, 0.14857215231811652, 0.0918076340908186, 0.05428293002311878, 0.19051736729835184, 0.10837868579875855, -0.037655659518757274, -0.12340562851022358, 0.13327456191838866, 0.23664537719041023, 0.28484760238875517, -0.17292142985058753, 0.4513008763989529, 0.0003925750519869903, 0.034679928388539755, 0.47729003485620486, 0.5127098564219263]}}