{"sampling_seed:42": {"accuracy": 0.0, "lorahub_weights": [0.78896820211034, -0.26211068706522517, 0.7672617026013507, 0.899254094667899, 0.5167287052334574, -0.18993807969711723, -0.06519141392159439, -0.17471437070666476, -0.14965833044922194, -0.0004407329633202839, -0.05970489215767394, -0.1279171084465814, -0.24754546155004628, -0.03137326829791188, -0.037860079618015935, 0.5049122619397746, -0.005658408846940216, -0.040546627344545734, -0.014401277599719684, 0.5200522545182336]}}