{"sampling_seed:100": {"accuracy": 36.666666666666664, "lorahub_weights": [0.17140157212059035, 0.709184971135836, 0.002513606646304317, -1.6548636306053504, 1.5668754086746182, 0.17583495205613037, 1.0617630175674517, -1.3404655081202805, -0.04698912294871964, 0.39041405400215645, 1.93052841595973, 0.4152055741089899, 0.10068865655655719, 1.5368819450324858, -0.22114496515818108, -0.7411096156754925, -0.4083226021959332, -1.3670966336150012, 1.4070331756466998, -0.5579574296251917]}}