{"sampling_seed:24": {"accuracy": 68.0, "lorahub_weights": [0.10396521971958578, 0.6616555788877317, 0.4394679634006674, 0.6169001053932075, -0.029804161481710355, -0.3892345958089189, 0.6709142464403297, -0.007844136796269175, -0.44812232111985306, 0.4887053355915765, -0.13047388002929894, 0.42064666973610804, 0.6407203738553345, -0.24378043811420833, -0.18580079987258696, 0.06503239414406528, 0.31468743521140585, 0.7722270469430906, 0.5154547357690097, -0.3006060121847781]}}