{"sampling_seed:42": {"accuracy": 44.666666666666664, "lorahub_weights": [1.322991389012464, -0.6027830664705442, -0.008188438330123615, -1.1567674525439775, 0.6521350572704611, 0.5490908985233751, -0.2738832443767916, -0.024458973597983567, -0.06870605999093338, -0.19750160031693922, 1.2745433671796451, -0.4557321916240351, -0.46059842510229626, 0.42026168792397844, 0.4258728041125731, -0.10161373955726924, 0.5139967524770762, -1.2466618497013047, 0.7443056980418908, -1.1598057532309491]}}