{"sampling_seed:100": {"accuracy": 30.666666666666664, "lorahub_weights": [0.5001088882396231, -0.0240991448260395, -0.022398930500492447, 0.508683913810041, -0.12527535110644272, -0.028190650676757915, -0.012681995734339249, -0.0030653591938642924, -0.007725861838018036, 0.15603723458647023, 0.19091575353869902, 0.5095488183105207, -0.026236539940687205, -0.022243026498798158, -0.024825870563699115, 0.6038206299033037, -0.0006953257363077989, 0.06976772865705613, -0.11484549799971458, -0.001502290616794147]}}