{"sampling_seed:42": {"accuracy": 4.0, "lorahub_weights": [0.7050507304147712, -2.115245336288951, 0.665994597814555, -0.8111644814823205, 0.5595331236680575, 1.2051044788780563, 0.13181515648394743, -0.2738713377578364, 0.16878731561158142, 0.13943415616457505, 2.1102367405824056, -0.49451897318850635, -0.2042955834511302, 0.40649372925345784, 0.9424614137287013, 0.07880816466853009, -0.5361814509964584, -0.8604233315875933, -0.2434297855350036, -1.1346580189703923]}}