{"sampling_seed:42": {"accuracy": 50.66666666666667, "lorahub_weights": [0.6486482407152107, 0.1521023563938046, 0.8577474207018498, -0.017641273634094838, 0.6623133143673204, -0.036874802777586424, 0.33642937902609926, 0.42243218093695195, 0.13135307083981815, 0.41469970628044406, -0.12363748475769235, -0.10426110578176777, 0.4471682340441403, -0.11469013527796032, -0.0063860488496774144, 0.511450948102087, 0.3365380855985955, 0.12676834545961488, 0.14770224033569007, 0.1374150375148831]}}