{"sampling_seed:42": {"accuracy": 44.666666666666664, "lorahub_weights": [-0.6294944810620633, -0.7451811416114855, -1.5114424779133901, -0.29550415333546826, -0.6722246790049072, 0.14972075631038115, 0.04270413650178887, 0.6437208957184618, 0.3169939958079297, 0.4308055416364427, -1.2784018817161062, -0.5287669538369244, 0.6607073318611573, -0.3802339486428218, -0.6804132236517807, -0.5280106224838405, -0.3808573265082717, 0.1434269982147981, -0.22560108436871318, 0.9470823789135747]}}