{"sampling_seed:100": {"accuracy": 21.333333333333336, "lorahub_weights": [-0.12477293449647892, -0.11524936438778034, -0.10960366152002639, 0.0643553888420472, -0.015249558759504796, 0.4826692802639144, 0.05288412023865373, 0.0016598388212744437, 0.029571112659372224, 0.2729798776911522, -0.0444926785927033, -0.018337690021147195, -0.00039754044541515587, -0.01210994592858739, 0.07641238071781772, -0.09972784589005108, 0.5025435323121931, 0.06238939534237693, -0.11108929565938816, -0.006871758487716114]}}