{"sampling_seed:42": {"accuracy": 38.0, "lorahub_weights": [0.47913530777556657, -0.12900682547994446, 0.3811425220086031, 0.659453195628687, 0.0800596535787621, 0.4100042212247401, -0.0015241209856434422, -0.01729863971193968, -0.06164806523554272, -0.4251755571536342, 0.011406558391304345, -0.3040731604603567, -0.07890332569365581, -0.056476517786286665, -0.027288484660781792, 0.04100485441361733, -0.1557973168208568, 0.06395789158126546, -0.0638752994018949, 0.24017048195629231]}}