{"sampling_seed:100": {"accuracy": 58.666666666666664, "lorahub_weights": [0.015017766550944384, 0.427772946072965, 0.36310787931274224, 0.7318331080583457, 0.5483693724882415, 0.5104576576867138, 0.4675880993546819, 0.12846701318091616, 0.5003552228241733, 0.04343804752491495, -0.012752929677564293, -0.016441436065933054, -0.013215801879848253, -0.010143935609054511, -0.2563244884789591, 0.750565320190289, -0.008878753562379394, 0.5178361539280995, 0.509412792254789, 0.5015622536095807]}}