{"sampling_seed:24": {"accuracy": 56.00000000000001, "lorahub_weights": [-0.6055251173197249, -0.17098282405874532, 0.2540683536162795, -0.8623599901379683, 1.0885501360795276, 0.15942870063428896, -0.7858543281260257, 0.3601746703246429, 0.4300608891105029, 0.07511468004334945, -0.851756139744467, 0.37640234525677874, 0.11453008236791336, 0.3793150694639109, 0.34721928966468346, 0.463923537246801, -0.6878392111753922, -0.605966394813202, -0.710492226234248, 0.42364970528723706]}}