{"sampling_seed:24": {"accuracy": 43.333333333333336, "lorahub_weights": [-0.8816907363894178, 1.8970955142956087, -0.41696365973944977, -0.4643029492442961, 0.2500300853361728, -1.1532158890397424, -1.5833070729104823, 0.6992230153042351, -1.1235909641847284, 0.42116647960712483, 1.2014116177919045, 0.7277904800148163, -0.31398009458667203, -0.706195791559972, 0.038199703293026355, 0.6865842288109927, -2.2655033260867175, -0.9381952231281473, -0.1979130426826395, 2.258617330838514]}}