{"sampling_seed:24": {"accuracy": 45.65217391304348, "lorahub_weights": [0.2537651494928881, 0.439185092361304, 0.6927968011958295, 0.3396059484626329, -0.024793165786132797, -0.02807766962379137, -0.02309897024599107, -0.016525432754941574, 0.14259680965400645, -0.012410622564514676, -0.021891984533889613, 0.17009061051835392, -0.023027609518214007, -0.03313602147634968, -0.017666762880989482, -0.02524126534622958, -0.0074291618674288806, -0.024056807964901113, -0.02574184628834617, 0.15897703059603724]}}