{"sampling_seed:24": {"accuracy": 56.32183908045977, "lorahub_weights": [-0.36137725888712857, -0.4500994996055331, -0.9164398881428242, 0.9369254288091547, -0.861431723537303, -0.07145039628139933, -0.38052019836698414, -0.19194953227061723, 0.14898067775198448, 0.6963226767513114, -0.44530902969584657, -0.3021953147918551, 0.5736548872387204, -0.8222627842085508, 0.07999324652082848, -0.3261968766395884, 0.45557906709653406, -0.10523725814759885, -0.021084575627640594, -0.06702360309961905]}}