{"sampling_seed:24": {"accuracy": 39.33333333333333, "lorahub_weights": [0.6117785273874679, 0.8909709186594293, 0.6596751481019394, 0.06151467253468023, 0.019237075843980506, -0.020276895099491515, -0.12005910059723846, 0.06235569990826967, 0.20082536322732564, -0.008719586533336376, 0.032973317623821094, 0.5211346651689044, -0.016395107594175156, -0.27427106024369063, -0.26657974779786797, -0.28240541995405394, -0.12830086993185277, -0.45196920299495735, 0.052245618797326664, -0.056680147316725465]}}