{"sampling_seed:42": {"accuracy": 43.47826086956522, "lorahub_weights": [0.007952479723021169, 0.2148446775262447, -0.5742840251602468, -0.10876974874394785, -0.18969059991206078, 0.566608825757197, 0.5676255988733604, -0.5903844649188228, 0.44301026136942073, 0.23119029444542183, 0.4031304217011371, -0.07708838823512756, 0.6572650627720609, 0.3788759951649105, -0.2875056498019838, 0.25520523081473706, 0.17395220385859833, 0.171033414148121, 0.21925824900826796, -0.6148194290907912]}}