{"sampling_seed:24": {"accuracy": 45.33333333333333, "lorahub_weights": [1.2372407477620948, -0.5679739687222102, 0.030191188278593295, -1.1683604594863175, 0.5983201900603419, 0.6544853725423763, -0.3025059013399344, -0.02168460616543632, -0.09645179163575013, -0.2684290945086527, 1.158126232980978, -0.3642089044209718, -0.520550004382745, 0.37647143362048197, 0.4268358843288972, -0.19525608338860148, 0.6186882212568721, -1.2332589409360697, 0.8011990970767158, -1.1454347471935842]}}