{"seed:1": {"lorahub/flan_t5_large-wiqa_what_is_the_final_step_of_the_following_process": 0.006666666666666667, "lorahub/flan_t5_large-quarel_do_not_use": 0.013333333333333334, "lorahub/flan_t5_large-quail_context_description_question_answer_text": 0.013333333333333334, "lorahub/flan_t5_large-dbpedia_14_given_a_list_of_category_what_does_the_title_belong_to": 0.013333333333333334, "lorahub/flan_t5_large-wiki_qa_found_on_google": 0.013333333333333334, "lorahub/flan_t5_large-glue_wnli": 0.006666666666666667, "lorahub/flan_t5_large-duorc_ParaphraseRC_answer_question": 0.013333333333333334, "lorahub/flan_t5_large-adversarial_qa_dbidaf_tell_what_it_is": 0.013333333333333334, "lorahub/flan_t5_large-wiki_bio_comprehension": 0.006666666666666667, "lorahub/flan_t5_large-wiki_qa_Jeopardy_style": 0.013333333333333334, "lorahub/flan_t5_large-wiqa_what_is_the_missing_first_step": 0.013333333333333334, "lorahub/flan_t5_large-quail_context_question_description_answer_id": 0.006666666666666667, "lorahub/flan_t5_large-adversarial_qa_dbidaf_question_context_answer": 0.013333333333333334, "lorahub/flan_t5_large-wiki_qa_Topic_Prediction_Answer_Only": 0.013333333333333334, "lorahub/flan_t5_large-wiki_bio_key_content": 0.013333333333333334, "lorahub/flan_t5_large-duorc_SelfRC_title_generation": 0.013333333333333334, "lorahub/flan_t5_large-glue_cola": 0.0, "lorahub/flan_t5_large-word_segment": 0.013333333333333334, "lorahub/flan_t5_large-newsroom": 0.013333333333333334, "lorahub/flan_t5_large-qasc_qa_with_separated_facts_3": 0.013333333333333334}, "seed:2": {"lorahub/flan_t5_large-adversarial_qa_dbidaf_based_on": 0.013333333333333334, "lorahub/flan_t5_large-true_case": 0.013333333333333334, "lorahub/flan_t5_large-app_reviews_categorize_rating_using_review": 0.013333333333333334, "lorahub/flan_t5_large-quoref_Guess_Title_For_Context": 0.013333333333333334, "lorahub/flan_t5_large-race_middle_Taking_a_test": 0.013333333333333334, "lorahub/flan_t5_large-duorc_SelfRC_movie_director": 0.013333333333333334, "lorahub/flan_t5_large-quarel_testing_students": 0.013333333333333334, "lorahub/flan_t5_large-adversarial_qa_droberta_tell_what_it_is": 0.013333333333333334, "lorahub/flan_t5_large-quail_context_question_answer_description_id": 0.006666666666666667, "lorahub/flan_t5_large-newsroom": 0.013333333333333334, "lorahub/flan_t5_large-wmt16_translate_ro-en": 0.013333333333333334, "lorahub/flan_t5_large-wiki_hop_original_generate_subject": 0.013333333333333334, "lorahub/flan_t5_large-quail_no_prompt_text": 0.013333333333333334, "lorahub/flan_t5_large-web_questions_get_the_answer": 0.013333333333333334, "lorahub/flan_t5_large-quoref_Found_Context_Online": 0.013333333333333334, "lorahub/flan_t5_large-word_segment": 0.013333333333333334, "lorahub/flan_t5_large-glue_mrpc": 0.0, "lorahub/flan_t5_large-quail_description_context_question_answer_id": 0.006666666666666667, "lorahub/flan_t5_large-squad_v2.0": 0.006666666666666667, "lorahub/flan_t5_large-wiki_bio_guess_person": 0.013333333333333334}, "seed:3": {"lorahub/flan_t5_large-super_glue_wic": 0.0, "lorahub/flan_t5_large-wiki_hop_original_choose_best_object_interrogative_2": 0.0, "lorahub/flan_t5_large-quartz_read_passage_below_choose": 0.013333333333333334, "lorahub/flan_t5_large-amazon_polarity_User_recommend_this_product": 0.013333333333333334, "lorahub/flan_t5_large-ropes_prompt_beginning": 0.006666666666666667, "lorahub/flan_t5_large-ropes_prompt_bottom_hint_beginning": 0.013333333333333334, "lorahub/flan_t5_large-lambada": 0.0, "lorahub/flan_t5_large-duorc_ParaphraseRC_movie_director": 0.013333333333333334, "lorahub/flan_t5_large-quail_no_prompt_text": 0.013333333333333334, "lorahub/flan_t5_large-dbpedia_14_given_a_list_of_category_what_does_the_title_belong_to": 0.013333333333333334, "lorahub/flan_t5_large-newsroom": 0.013333333333333334, "lorahub/flan_t5_large-wiki_hop_original_choose_best_object_affirmative_1": 0.0, "lorahub/flan_t5_large-wiki_qa_Jeopardy_style": 0.013333333333333334, "lorahub/flan_t5_large-glue_sst2": 0.006666666666666667, "lorahub/flan_t5_large-wiqa_effect_with_label_answer": 0.0, "lorahub/flan_t5_large-super_glue_wsc.fixed": 0.006666666666666667, "lorahub/flan_t5_large-wiki_bio_who": 0.006666666666666667, "lorahub/flan_t5_large-wiki_qa_automatic_system": 0.013333333333333334, "lorahub/flan_t5_large-definite_pronoun_resolution": 0.013333333333333334, "lorahub/flan_t5_large-race_middle_Is_this_the_right_answer": 0.006666666666666667}, "seed:4": {"lorahub/flan_t5_large-super_glue_wic": 0.0, "lorahub/flan_t5_large-yelp_polarity_reviews": 0.0, "lorahub/flan_t5_large-quail_context_question_description_answer_text": 0.013333333333333334, "lorahub/flan_t5_large-sciq_Multiple_Choice_Question_First": 0.013333333333333334, "lorahub/flan_t5_large-wiqa_which_of_the_following_is_the_supposed_perturbation": 0.013333333333333334, "lorahub/flan_t5_large-quartz_having_read_above_passage": 0.013333333333333334, "lorahub/flan_t5_large-wmt16_translate_tr-en": 0.013333333333333334, "lorahub/flan_t5_large-true_case": 0.013333333333333334, "lorahub/flan_t5_large-wiki_hop_original_choose_best_object_interrogative_1": 0.0, "lorahub/flan_t5_large-qasc_is_correct_1": 0.006666666666666667, "lorahub/flan_t5_large-sciq_Direct_Question_Closed_Book_": 0.006666666666666667, "lorahub/flan_t5_large-race_middle_Is_this_the_right_answer": 0.006666666666666667, "lorahub/flan_t5_large-social_i_qa_Generate_the_question_from_the_answer": 0.006666666666666667, "lorahub/flan_t5_large-quail_context_description_question_answer_text": 0.013333333333333334, "lorahub/flan_t5_large-adversarial_qa_dbert_answer_the_following_q": 0.013333333333333334, "lorahub/flan_t5_large-duorc_ParaphraseRC_question_answering": 0.013333333333333334, "lorahub/flan_t5_large-gem_web_nlg_en": 0.013333333333333334, "lorahub/flan_t5_large-duorc_SelfRC_generate_question_by_answer": 0.013333333333333334, "lorahub/flan_t5_large-quoref_Guess_Title_For_Context": 0.013333333333333334, "lorahub/flan_t5_large-anli_r1": 0.0}}