{"sampling_seed:42": {"accuracy": 0.6666666666666667, "lorahub_weights": [0.429205326836546, -0.2700650944249001, -0.28950620697027385, -0.24943142987670208, 0.5711929232262424, 0.11045885030306879, 0.18435812954598363, 0.10649671608354927, -0.01142764387740236, -0.14277796107302537, -0.20969281687832764, 0.14058508796200936, 0.21154771068939976, 0.31468326358927984, -0.29442970204722585, -0.02319069918080999, -0.26483586511933577, -0.242837348472827, 0.11262087405821176, 0.38658872023245333]}}