{"sampling_seed:100": {"accuracy": 48.0, "lorahub_weights": [-0.008881866103694786, 0.8822929325528223, 0.29520027347527694, 0.8096412239422585, 0.21906225432837687, 0.1967177796157633, -0.1900191184356859, -0.28004269145377086, 0.4788922045125244, 0.5561265423060363, 0.43689716410438945, 0.79171934064756, 0.14840229377185532, -0.14314405834164187, -0.2621566535619738, -0.1921967226971003, -0.07538628485069639, 0.01484946841031684, -0.07108528789829752, 0.6166826690184976]}}