{"sampling_seed:24": {"accuracy": 50.66666666666667, "lorahub_weights": [0.4320537261621679, -0.0010958940305109363, 0.504117349294053, -0.279837466006015, 0.6134874281890148, 0.06308886712675006, 0.0016788886865812687, 0.0005208301092009271, 0.05441997474803105, 0.306730078848278, -0.008759526417696615, 0.4800612089963225, -0.0029902607754126198, 0.5106779720075283, 0.5203262014735994, 0.5006569209557353, 0.7544253491293451, 0.5172400508688827, -0.02777440974620689, -0.019363432363059943]}}