{"sampling_seed:24": {"accuracy": 0.0, "lorahub_weights": [-0.2707110709943435, 0.9665117794433457, 0.7928749896262334, 0.4295444444168124, -0.2799911787950302, 0.25905044791852083, 0.2701126158865721, 0.45307686894375293, 1.082140632663522, -0.2266998941783399, 0.59651507870024, -0.10723816584191193, -0.06569238428652147, -0.11606865190063664, -0.09798210447898528, -0.17335004002819054, -0.08679060239785, -0.43963746485221766, -0.1496288513984943, -0.19774566073324745]}}