{"sampling_seed:24": {"accuracy": 30.666666666666664, "lorahub_weights": [-0.032563731913948187, -0.46165182120350834, 0.2989732630958009, 0.22894117685831786, -0.1063891530061006, 0.017941405793104617, -0.7586639159424511, -0.23879126287411098, 0.49020534639045243, -0.24023968678760554, -0.12387960842511916, 0.9483654389559107, 0.06585291517099157, -0.23406129215126542, 0.4346628649960195, 0.674357123733472, -0.4186581494023735, 0.20761923172237742, -0.097744205379362, 0.47749068864008093]}}