{"sampling_seed:42": {"accuracy": 26.666666666666668, "lorahub_weights": [1.0717530058256444, 0.5695304287866698, -0.05086872190869474, -0.08305350237789258, 0.05215485562930059, -0.11537299756046408, -0.18673695256508463, -0.10633183872610429, 0.5091121373326983, -0.12232287925773398, 0.10629878906622546, 0.4490202302877539, 0.2201928931244828, -0.003103515959659213, 0.5361472786934306, 0.5244919017659063, 0.4012605091776244, 0.045881805963103296, 0.14606243534756455, 0.12217463386685465]}}