{"sampling_seed:42": {"accuracy": 12.0, "lorahub_weights": [0.2320164608021274, 0.0018455836527984657, 0.6519868982782071, 0.016604056753789818, -0.003934953515190531, -0.1049991962336876, 0.01135967728848709, 0.10118853736843737, 0.011738977044124417, -0.07550587700997433, 0.015387745574803758, 0.013591266540351612, 0.058722652054864266, 0.011871816670994044, 0.016464228354203247, 0.009483933047459902, 0.011980019109194884, 0.015189871535151552, 0.5182745852141288, -0.006699257512611654]}}