{"sampling_seed:24": {"accuracy": 30.666666666666664, "lorahub_weights": [0.5025656360713062, -0.008032229133592817, -0.005889235414313317, 0.5086680527239824, -0.12528834949271425, -0.013389445896133476, -0.005069288166573689, -0.12478250492684442, 0.011825596019053745, -0.0022090314488785643, -0.00039342414843319924, 0.5082752331509747, -0.00941302203699384, -0.011133397675522816, -0.013303955841894333, 0.6209063770048194, 0.0, 0.0, 0.0, 0.0]}}