{"sampling_seed:100": {"accuracy": 29.333333333333332, "lorahub_weights": [0.965698919099103, 0.06941958550131513, 0.2574364417579254, 0.5127988727831729, 0.02360813847239629, 0.5916912001839958, 0.0017206895492150737, -0.2398992403410593, 0.2723965018122842, 0.8311627424976554, -0.29977075519108437, 0.1405945989439066, 0.2626816375934631, 0.3620281591484042, 0.28647300054464575, 0.22156711076367364, -0.00029692528136994787, 0.5133919108748155, 0.5238480584433475, 0.5121720342920989]}}