{"sampling_seed:24": {"accuracy": 49.333333333333336, "lorahub_weights": [0.29540353077317083, 0.5493284656156564, 0.5076231369905307, 0.5160516020443328, 0.1880975091272317, -0.07105506251073934, -0.0784701670823151, -0.15112069476491224, 0.13613263515723723, 0.12218766944989227, -0.08167744327231288, 0.10000679272751531, -0.11954164224496364, -0.11019817554442492, -0.13622842610116268, -0.1305712687386966, -0.09195956335477896, 0.12117686525808313, -0.05704339647360862, -0.2579634422836694]}}