{"sampling_seed:100": {"accuracy": 26.666666666666668, "lorahub_weights": [0.04639373158237351, -0.06450977843040083, 0.00752782854377235, -0.1356737525180089, 0.18361521918041404, -0.6470023918809418, -0.1297040146039323, 0.7527666162915275, 0.28659846200463107, 0.43390836345996875, 0.5879782171942289, 0.7553530888688753, -0.6768373966461976, -0.11463963673631183, 0.818311447517139, -0.29558403993603793, -0.1230142070651699, -0.04298807602780913, 0.9400434820638788, 0.7051294604010594]}}