{"sampling_seed:42": {"accuracy": 18.666666666666668, "lorahub_weights": [0.49073899782860203, 0.4771208314539126, 0.49040391402490113, -0.2514193820033494, 0.48180393092890683, 0.7577627241208579, -0.24977165566819332, -0.004269224194889691, 0.5016341419628065, 0.500070099981783, -0.006522700563463344, 0.501877633570201, 0.03857961172084105, 0.5005824457360326, 0.4920937765890043, -0.022010131065386077, -0.0033368877000320963, -0.0068979735117517555, -0.07729885298204268, -0.031492773323203084]}}