{"sampling_seed:100": {"accuracy": 39.33333333333333, "lorahub_weights": [0.2686157041261162, 0.5884468950219927, 0.5127564802390007, -0.00991791856951941, -0.009346182362524534, 0.5005729861486935, -0.01108627374016115, -0.01512405765046346, -0.005498694029573569, -0.007810300012046581, -0.0016239539073716438, -0.00765432638805002, -0.004337899713529429, -0.005414577543584524, -0.005840731684942911, -0.009496882382773493, -0.003264245170065008, -0.003958390188409785, -0.004816961370224507, -0.007975580926699232]}}