{"sampling_seed:42": {"accuracy": 43.333333333333336, "lorahub_weights": [-0.36911883678150414, -0.09788201283517542, -0.08706678850907718, -0.2868260539643648, -1.2247162063135921, 0.038890957696401926, 0.9319638229260899, -0.6512993190715646, 1.031994143301841, -0.4808380249891401, 0.13389581238836787, -0.4315259384190873, -0.7428814534515266, 0.5187771399971595, 0.13979252378360374, 1.4673448217297467, -1.2516672817721695, 1.04414140792945, 0.717296141104895, 0.3589919093013385]}}