{"sampling_seed:100": {"accuracy": 51.724137931034484, "lorahub_weights": [-0.8856979159736326, -0.4948374890621069, -1.6811311297555402, -0.34136956482938696, -0.9473044946656303, 1.1656010602476563, 0.25891553919615173, -0.5441034140508784, 1.0042744618367752, 1.126509015626071, -0.017333729824930116, 0.15648204968118767, 1.3696391616295576, -0.13263548227664979, -0.4600251787418924, 0.1430805872121269, -0.8915863057911315, 0.034583111560556073, 0.4242593166925261, -0.15001006860918648]}}