{"sampling_seed:42": {"accuracy": 50.66666666666667, "lorahub_weights": [0.593633283324413, 0.0714486929758067, 0.8638860107187796, -0.10332532643829712, 0.5342398824801413, 0.08023310847398323, 0.38113532927388777, 0.2099449780148833, 0.0492135056947118, 0.4454775591666012, -0.1782138651414846, -0.07770750237114427, 0.21086695130331576, -0.0033775908055217285, -0.0007390202087229856, 0.5134155815819876, 0.3649900706798469, 0.11454893450739863, 0.13116108882355043, 0.12299764853914805]}}