{"sampling_seed:100": {"accuracy": 45.33333333333333, "lorahub_weights": [-0.1746041488525258, -1.977050817204229, -0.1898528128571902, -0.14666000014225775, -0.5803769814498428, -0.7688020604183732, 0.8139425327111013, -0.3336103005124944, 0.8795122069803666, 0.23577479551619623, 0.9555796877833771, -0.8879059908487037, 0.46441625953568777, 0.050575745528111414, 0.854625213701522, 0.041810830356225834, 0.35727898304481065, -0.021457554879237895, -0.9286229872318581, 0.11620565503543356]}}