{"sampling_seed:24": {"accuracy": 22.0, "lorahub_weights": [-0.26776618821101406, -0.21516652732838878, 0.6469589693903617, 0.19604327085006193, -0.23450750990543706, -0.21257610863699777, -0.6889668201045741, -0.19008492564127177, 0.43692979068748905, 0.0471837432756983, -0.3126457030792337, 0.5520304345300475, 0.08318254768880874, -0.009959382949212017, 0.22517315662613735, 0.07318117116074768, -0.25542916489091666, 0.14097409640092037, -0.2811156735584073, 0.5765567522141811]}}