{"sampling_seed:100": {"accuracy": 29.333333333333332, "lorahub_weights": [0.11983969635558597, -0.02661740736296163, -0.3750318097557709, 0.032435741279976206, -0.17299738262781775, 0.011911978606025907, -0.03687303279551943, -0.05965739532622205, 0.0289648995727388, -0.21535764471408603, 0.1870206154427256, 0.210965670158983, 0.18043974691176154, 0.013401306883341776, 0.07926100015313937, 0.41221534193994835, 0.16328134547827217, 0.16245916003589458, 0.2154645219329299, -0.14361600076535597]}}