{"sampling_seed:100": {"accuracy": 58.666666666666664, "lorahub_weights": [-0.13910082652474862, -1.02043060687443, -1.3808993655086215, 0.13594241605644236, -0.10260096810925985, -0.5099138414480343, 0.22013997662707568, 0.3297847190121539, 0.4909312702861041, 0.8650712861948564, -0.4419564947134606, -1.1419022185130236, 1.1459169960363105, -0.06400712800625666, -0.4464655586827133, 0.02915559416395168, -0.878491803449987, -0.1255990321732497, -0.5541435300459373, 0.5326615135884608]}}