{"sampling_seed:42": {"accuracy": 1.3333333333333335, "lorahub_weights": [0.7794121219483959, 0.499143227024731, -0.057990202441213126, -0.04143435695446264, -0.020442614093070084, -0.021555043380278492, -0.032182443132615195, -0.008830736747213259, 0.0018232879008377445, -0.0778767845546568, 0.21632234030708383, -0.0867850983302863, 0.43369008555875566, 0.00538723501321989, -0.003976349896871893, 0.5171299988693688, -0.03531868773885732, 0.05120026713349014, 0.25139481957876203, 0.5314499441722336]}}