{"sampling_seed:24": {"accuracy": 60.256410256410255, "lorahub_weights": [0.2865867776127677, 0.07277318258759875, -0.0026556688325563064, 0.11836625407071469, 0.006447153300758286, -0.005981549865373418, 0.18517221092959182, 0.1684241648020795, 0.6251125847892961, 0.006015300854292148, -0.012080574262393385, -9.176288783860988e-05, -0.12529886818093147, 0.146614119316538, -0.06318208262924223, -0.0236927348233648, 0.18888959392181826, 0.5116594289809937, -0.03626960068511081, -0.0041430429312465265]}}