{"sampling_seed:24": {"accuracy": 54.0, "lorahub_weights": [1.056093468565012, -0.8394177538034079, 0.25288748606998646, -1.3128482337646679, 0.033262138883880854, 1.0401288273115776, 0.28634293930259563, 0.2592518338169896, -0.13913312461886035, -0.6060391942535085, 1.0442718548240286, -0.9516666849353469, -0.36605032069496213, -0.17413632751494845, 0.31097610870330866, 0.3213645868227685, -0.16390401501863897, -0.7606668234999503, -0.1525337661943211, -0.872852811343562]}}