{"sampling_seed:100": {"accuracy": 49.333333333333336, "lorahub_weights": [-0.0545156945855525, 0.8892152783973085, 0.34805302102529584, 0.8278194005219068, 0.20726568767558023, 0.20645324730735362, -0.156412235175574, -0.28369191396281646, 0.4716596343029299, 0.5641330461644833, 0.44797535345189093, 0.7955895618933688, 0.13106659207279725, -0.14351321482774354, -0.2985506694671071, -0.19689908749191135, -0.13520821985412218, 0.03708310832640667, -0.06508892546910033, 0.6392660544302838]}}