{"sampling_seed:42": {"accuracy": 48.66666666666667, "lorahub_weights": [0.09950751270415287, -0.3936410684110476, 0.017719230052361062, 0.08755377018455075, 0.5773819866341056, -0.15902423702561513, 1.0952139708645034, -0.014433862552763277, 0.28112222744914495, -0.5390704831744383, -0.16227183867164502, 0.27712398517061615, 0.557750580180661, 1.0356550384660914, 0.4279436166054705, -0.381236341962447, -0.05158677241910087, -0.03863939288629753, -0.06867957661968328, 0.7356175444535826]}}