{"sampling_seed:100": {"accuracy": 25.333333333333336, "lorahub_weights": [-0.23504553102456247, 0.6248001109051543, 0.5562145230539972, 0.09675492806467477, 0.9280361091948874, 0.5395779459949824, 0.0012416760426611651, -0.1427311320983009, 0.2698112710356999, -0.054652971902044496, 0.4075620618460487, 0.5266073989787371, 0.01587503304958445, 0.37609774554311903, 0.11119201833880185, -0.1455486200340037, 0.11630102160226422, -0.005020496769384963, 0.08431598566058714, -0.042330210867437296]}}