{"sampling_seed:100": {"accuracy": 1.3333333333333335, "lorahub_weights": [0.010750982546677407, -0.005355652763776584, -0.007538343349138339, -0.0053271035266669615, 0.007086589950266015, -0.009732813496199326, 0.007286065141010198, 0.015188374123979246, 0.003600485781543865, -0.0017527663736896446, -0.005696491174660458, 0.015245599654430082, 0.0007865985898690411, 0.026915433697384018, -0.00420228719502725, 0.0007149610095657135, -0.004743249964740149, -0.012295578797655053, 0.010108699874964155, 0.004376728366244481]}}