{"sampling_seed:24": {"accuracy": 49.333333333333336, "lorahub_weights": [-4.786391743291593e-18, 0.5, 0.5, 0.5, 0.49999999999999994, 7.687010605686126e-18, -5.503630988174267e-18, -1.0141481889565665e-17, -1.7166763472573206e-17, 7.048604869533369e-18, 2.328220918889278e-18, 0.35905496654298574, 0.7064812280663817, 0.5, 0.5, 0.0, 0.0, 0.5, 0.0, 0.5]}}