{"sampling_seed:100": {"accuracy": 41.333333333333336, "lorahub_weights": [0.3081800943385896, -0.04955101137583917, -0.5990031942797547, -1.2471114302740518, -0.3876327730318152, 1.1129235225360161, 1.5654633912465827, -1.7763050956689919, 0.8486072147374859, -0.17335221558316402, 0.48223456406359033, 0.32161489197198884, -0.39592604029530143, 0.4994581007334748, 0.6174473652348145, 0.4267497022898565, -0.7025536348980628, 0.3068398630679319, 0.5158215041883785, -0.37963955728910376]}}