{"sampling_seed:24": {"accuracy": 28.000000000000004, "lorahub_weights": [0.613471821513059, 0.6886323997844992, 0.7149694866534453, -0.35966555694509905, -0.13702084077810034, 0.7071703495509979, 0.7014356643104094, 0.6213724634344948, 0.46849544681679417, 0.9031053061903738, -0.49650501120744617, 0.9760486721007888, 0.06999694845920103, -0.15379789001265243, 0.26598096972198726, 0.18795104611108088, -0.20880491470758195, 0.592851811778221, -0.07286657739531857, -0.1062504847752394]}}