{"sampling_seed:42": {"accuracy": 30.666666666666664, "lorahub_weights": [-0.31639388767963295, 0.06400311881294957, 0.17323129887363273, 1.1207014972134375, -0.3609191448853666, -0.1303443775712559, -0.1036437842393617, -0.27742292398094137, -0.0796646499324945, -0.003641990955784228, 0.41403792400206374, 0.5727278301978364, 0.17134661007931454, 0.00448163105799898, 0.16085511535358718, 0.6476208843180167, -0.10437257345060827, -0.10681957981127674, 0.02058467495900157, 0.3556217745448226]}}