{"sampling_seed:24": {"accuracy": 23.333333333333332, "lorahub_weights": [0.0938797301198741, -1.0661271438332396, 0.8513779163241728, -0.2968416390577645, -0.7566877040962133, -0.4869854381635154, 0.29967704722890065, 0.05244369000647786, 0.040965400985942126, 0.15231420407628704, 0.4929990198604194, -0.39820601975873376, 0.0921276331374267, -0.013220575912733271, 0.14615883682943248, -0.3003296091103611, -0.16427503653932313, 0.1614728183682781, -0.215467280582463, 0.3062293808431519]}}