{"sampling_seed:100": {"accuracy": 19.333333333333332, "lorahub_weights": [0.009401066122488831, -0.15961234279418224, -0.44601291638981055, 0.05970694809490479, -0.09892771795680733, -0.015933978976457992, 0.2200276674074778, -0.0174458353083944, 0.13105838215990154, -0.07860601647696772, 0.19188516626698074, 0.10695316075429266, 0.10589467810787564, 0.3425043746267608, -0.07552748661268535, 0.17008291774856635, 0.14709490602667158, 0.06188405314860128, 0.019726557324929783, -0.20281207179359959]}}