{"sampling_seed:24": {"accuracy": 46.0, "lorahub_weights": [0.048729183428155264, 0.14333360997786, -0.0069482082035802325, 0.02149545413209934, 1.0169996390857576, 0.23560111297452116, 0.7884375850835016, 0.5117940899065062, 0.1363908658528378, -0.5431464773249834, -0.22613240079436797, -0.03650476278086701, 0.7048741643082892, 1.0871495178480741, 0.5890959040397123, -0.46178127161296684, -0.29289130027956634, -0.15051541382445802, -0.10603936528808869, 0.5666812911161478]}}