{"sampling_seed:24": {"accuracy": 50.57471264367817, "lorahub_weights": [0.04934314356852928, 0.007534007832406167, 0.157690752089892, 0.2685659306362017, 0.6696012334644005, 0.21585972376553633, 0.25426286536478304, 0.23264402888853114, -0.11635922948482381, 0.903847775280076, 0.07891915025788143, 0.47858249216778814, -0.03761756551086116, 0.7833739100031072, -0.037679590013412624, -0.13854153123555346, -0.2576092442655669, 0.27313252702096313, 0.5174870330847463, -0.09881413462528105]}}