{"sampling_seed:24": {"accuracy": 48.0, "lorahub_weights": [0.04548788726255844, 0.5857155946976424, 0.5445162172067342, 0.47567222632122447, 0.5459853319902208, 0.02108272480920141, 0.1232576054685711, -0.2779301152525748, -0.10381936821254022, 0.004554535756104708, 0.4036260324111014, 0.5994610224757434, 0.4570088345431298, 0.3490082535485479, 0.5, -0.05011859178556402, 0.0, 0.5, 0.0, 0.5228529179210439]}}