{"sampling_seed:42": {"accuracy": 30.666666666666664, "lorahub_weights": [-0.00010381099118092188, -0.0007692512354907958, 0.19436220556399503, 0.6332854888828436, -0.1319184842137006, -0.05580885811490964, -0.05519537823410601, -0.05345301714311017, -0.053651043257895395, 0.15644132221567741, -0.04047462509529885, 0.37271532324062456, 0.11175390922121324, -0.10047138395602359, 0.07565508910571218, 0.5565459526703906, -0.002333868496306448, -0.0010041420962493355, -0.004199246353587578, 0.5014619684192024]}}