{"sampling_seed:24": {"accuracy": 50.0, "lorahub_weights": [0.4227834996119048, 0.2797943376634465, -0.9374345530062249, -1.073331079557592, -0.7952303911370702, 1.020428495500541, 1.4203717771008604, -2.256413658747322, 0.7721934183002397, 0.05503398358638101, 0.4507992404866289, 0.28797345848183087, -0.17093500263656825, 0.6668015603724295, 0.41790808011732505, 0.6043956829725404, -0.5780298675447157, 0.2440338228008294, 0.9160341692483625, -0.3406609482287092]}}