{"sampling_seed:24": {"accuracy": 27.333333333333332, "lorahub_weights": [0.2766025931241475, 0.7243983920284989, 0.603605287863342, -0.07580420337719652, -0.1330173960399128, 0.6790940380819195, 0.6654653700028338, 0.40895472816252926, 0.8104607174802532, 0.5020810247940513, 0.001125447098151032, 0.9095105753806579, -0.16435321368988937, 0.08518629322250978, 0.7191508222206267, -0.37831911255682305, -0.4629594374545437, 0.5469123447305383, -0.10977963074059618, -0.14134517046369421]}}