{"sampling_seed:42": {"accuracy": 44.0, "lorahub_weights": [0.9148712499573052, 0.6309671618565167, -0.08121432390890058, -0.053171101054098606, -0.07714499537489947, 0.04875561007397535, -0.03344194794542822, -0.005006335308554496, -0.056361682178453304, 0.011918689892030635, 0.19647360317080556, -0.16207335115861576, -0.0744816050337698, -0.04344492436665806, 0.10131367099201247, -0.0280218377674675, -0.11588432190483755, -0.2181021594666019, -0.053177702605575694, -0.03558485741691034]}}