{"sampling_seed:42": {"accuracy": 1.3333333333333335, "lorahub_weights": [0.6248138974252584, 0.6199012592399169, 0.03533678016857572, 0.0, 0.5, 0.006818431602435473, 0.0, 0.0, 0.0, 0.0, 0.0, 0.0, 0.0, 0.0, 0.0, 0.0, 0.0, 0.0, 0.0, 0.0]}}