{"sampling_seed:42": {"accuracy": 46.0, "lorahub_weights": [1.1191851189051596, 0.3641542771589639, -0.24468768079381717, 0.49686683110954616, -0.056264308509070285, -0.05183278664669987, 0.11201714078928876, -0.02344226801311963, -0.06729857340496545, -0.05278288012057322, -0.07569137449600617, -0.19788723668223207, 0.038400434053630736, -0.07251957797975546, -0.025571292957741548, -0.2278996067799871, 0.12447812107502722, 0.0465961020722245, -0.042208906667462825, 0.15062849973506726]}}