{"sampling_seed:100": {"accuracy": 1.3333333333333335, "lorahub_weights": [0.7673422730064748, 0.4947000745083661, -0.03284535990136353, -0.01967377060806506, -0.0006205234777300054, -0.010589735942716895, -0.010425086013665505, -0.004814247764524968, 0.009720910151934535, 0.0002709512863188862, -0.0016770765677276553, -0.014703197136928229, 0.5040775970524669, -0.001181443888987764, 0.009123538384470073, 0.453918912611877, 0.23749905899588933, -0.11959102855079179, 0.05144136747361917, 0.5094663673013989]}}