{"sampling_seed:42": {"accuracy": 36.0, "lorahub_weights": [0.7591715951227613, 0.25052673941756365, 0.5022335549340334, 0.761238253529931, 0.8662449464270232, 0.23822228028410175, -0.028706644189295215, -0.0723753114274733, 0.011387583853782971, -0.24181489547387225, 0.5159512033198236, 0.7605978324540648, -0.04389526446198392, 0.5242459038763869, -0.013299442403984795, 0.45726147214133345, -0.014660684056051183, 0.5115735768283678, -0.10497914425368327, -0.058067579437706116]}}