{"sampling_seed:42": {"accuracy": 58.620689655172406, "lorahub_weights": [0.3349775548711876, -0.08891167520552917, -0.1600805747878592, -0.5960856608164742, -0.6352980163008182, -0.8888835096361184, 1.0281372201214038, -1.1548251867135428, 0.3643575539564293, -0.31865020828240875, 0.19421097225615216, -0.5070704847271718, -0.7962611194371453, 0.43999888056261577, 0.3271840054942475, 0.178398503919918, -0.19031246046450803, 0.5712081243286743, 0.3072694318431882, 0.05402879787586043]}}