{"sampling_seed:42": {"accuracy": 38.666666666666664, "lorahub_weights": [1.3559884048316595, -0.3225175874703742, 0.2485576970063718, -0.8524260786529135, 0.1695036189517973, 0.4856203303313127, -0.8562926856508777, 0.2270503713899647, -0.19483007812792058, -0.43286547842998513, 1.4195316677271967, -0.8681872500768186, -0.6360772222014005, 0.34401039574259185, 0.3952496626429469, -0.4980250925845679, 0.48101882370551086, -0.835595127363651, 0.5742425336484326, -0.8342560543314765]}}