{"sampling_seed:100": {"accuracy": 62.82051282051282, "lorahub_weights": [0.5034237462872622, 0.34558369137270717, -0.025085064357566567, -0.13171127679739125, 0.22380261778015806, 0.03586704943843521, 0.048904642523145234, 0.19022227131768038, -0.010206793433370668, -0.09755878540126907, -0.04748848038691535, 0.07879959113058287, -0.024572738484429004, -0.11876975718792625, -0.012769212276389047, 0.5080687977629869, -0.02565656579790205, -0.05967558380569701, 0.5015079681541437, -0.05657836683170376]}}