{"sampling_seed:100": {"accuracy": 45.33333333333333, "lorahub_weights": [-0.25656312498463585, 0.6381683846933501, 0.507830994668462, 0.3929391503455301, 0.24698582577040656, 0.008693560337259076, 0.002309468213394868, 0.514768419738469, -0.03816114907848686, 0.07037300471653943, 0.2511336442214679, -0.02821059889303434, 0.0003245790098882607, -0.04235189367678102, -0.024284377098564472, -0.03338824473689131, -0.03484320360753051, 0.0032768490006410446, -0.024411661096888918, -0.025461775446446573]}}