{"sampling_seed:100": {"accuracy": 41.30434782608695, "lorahub_weights": [0.32367839038486057, 0.3874439851097632, 0.8530096510141565, 0.7437824515227626, -0.12867509452059295, -0.09305902720550885, -0.026230875332113428, 0.5009155028270017, -0.1961568346574743, -0.08447251888237274, -0.08061439115714289, 0.19932380852879814, 0.5439981121420445, -0.39004520084126315, -0.07431244639294618, -0.13690772576087326, -0.22249396550898895, -0.12109842299808213, -0.08351350341173698, 0.03495175263366402]}}