{"sampling_seed:100": {"accuracy": 48.0, "lorahub_weights": [-1.0987759365345755, -1.1327867236423332, 0.6378593514331132, 0.7165476128421403, -1.258909564594342, -0.9685448601424704, -1.8368063489779403, -0.2997719266495899, 1.9983078268992116, 1.2082400193485676, -0.2839392017710085, 0.9600091252408275, 0.6196086613468839, -0.9330833861518034, -0.28201257936316343, 0.15013996551613223, -1.2403260577568522, 1.1434623748328467, -0.6684717395324643, 0.7442446857918018]}}