{"sampling_seed:24": {"accuracy": 26.0, "lorahub_weights": [0.50551711018538, 0.5189613970676892, 0.5331075736103407, 0.5118915870027035, 0.535842663093093, 0.5990150133973963, -0.049621724072981314, -0.15972000499359287, 0.48748671360159557, -0.2052410017443962, 0.14835586152048533, 0.5447498893602999, 0.4431749212193105, 0.5354260001719577, 0.5112751395318361, 0.092599684544932, 0.5517119763525923, -0.07883078694822168, -0.49149775952022157, -0.2505409397075698]}}