{"sampling_seed:24": {"accuracy": 43.333333333333336, "lorahub_weights": [0.5911614063075482, 0.6245726357679706, 0.5312163795336174, 0.5106553588278198, -0.04398991939584056, -0.007017843593659957, -0.006436578890351162, -0.0043707102861049035, 0.10275707627771036, -0.034290088572354105, -0.027068799304642024, 0.12207590683460084, -0.03430193005706615, -0.046083428811417144, -0.0018322340791466693, -0.03325118031817176, -0.03613935292919011, -0.027823109464429712, 0.008158349385106862, -0.048421912682121086]}}