{"sampling_seed:24": {"accuracy": 66.66666666666666, "lorahub_weights": [0.07581285312994508, 0.0824816133298692, 0.5192287666741222, 0.46118382526503415, 0.7511607510907925, 0.5021853214690017, 0.5076487529342394, -0.006751151377304584, 0.026375084125130507, -0.0029152151446125507, -0.008186446338299121, -0.07650949093850794, -0.004926709285954443, -0.05027929390326269, 0.29457429936193735, 0.5305293379594613, -0.03312013116774919, -0.04784355191281875, 0.03730554854190836, -0.03908693821120494]}}