{"sampling_seed:24": {"accuracy": 48.66666666666667, "lorahub_weights": [0.2995272104375719, 0.5461295878113792, 0.5060346597646, 0.5142626378270303, 0.18888281031726162, -0.07037484710341643, -0.07757975851450188, -0.14817088920849392, 0.1405320403063319, 0.12345575337483403, -0.07760815193732724, 0.10444261810078176, -0.11748699612835982, -0.10840838513912836, -0.13370076604344758, -0.12820396997783576, -0.08823784867363277, 0.12342510823782944, -0.053236419010006024, -0.25454602875713517]}}