{"sampling_seed:24": {"accuracy": 1.3333333333333335, "lorahub_weights": [0.6304352966501177, 0.4935459711706, -0.00636429911526034, 0.00791958220616171, -0.007348801500056816, -0.006781460878555732, -0.0009649671608679623, -0.12415369964763454, 0.002249743716478825, -0.12429765520595244, 0.020232349926087443, -0.008647622318243203, -0.1259825527898205, 0.029258991360088384, 0.015274376125268945, 0.46406684795575714, 0.24317838182351634, -0.029101599441708623, -0.025735528301842572, 0.5090241715236936]}}