{"sampling_seed:100": {"accuracy": 70.0, "lorahub_weights": [0.5, -0.24999505454727675, 0.5, 0.5, 0.5, 0.5, 0.5, 0.5, -4.336722900012634e-19, 0.5, 0.0, 0.0, 0.0, 0.0, 0.0015724827198151572, 0.0, 0.5, 0.0, 0.0, 0.0]}}