{"sampling_seed:100": {"accuracy": 0.6666666666666667, "lorahub_weights": [0.023031642420244573, -0.20156122285324515, 0.7478065106762712, 0.0744279389333211, 0.595362346058134, 0.14360490718859276, -0.08176345121792865, -0.2990286133608642, -0.27807785307169264, 0.13933009983098824, -0.08888955311952958, -0.4262166762972478, -0.030404606640720734, -0.13353185822731872, 0.6328259318685151, -0.10816600717585108, 0.21104136953748767, -0.06466137549079337, 0.5109104572720853, -0.044951173393257444]}}