{"sampling_seed:100": {"accuracy": 12.0, "lorahub_weights": [0.23074658904071121, 0.15645112817372, -0.0010517551314207785, 0.6249395519740375, -0.006777957857995334, -0.004891601525609883, 0.0064689457458579165, 0.5020174676116265, -0.0054673736431117585, -0.0037207298281352885, 0.06171115452883689, -0.001141715480324313, -0.11051010436514438, -0.0041836912399986, -0.0005603494221883238, -0.008384753240893373, -0.005367004213070098, -0.0035003161867090183, 0.5026727866855997, -0.008864671207729864]}}