{"sampling_seed:42": {"accuracy": 1.3333333333333335, "lorahub_weights": [1.3624028628433102, 0.8925509239054854, -0.3738133734580303, 0.11362680591666106, 0.29670062832765076, -0.5855352742691143, -0.16595898310432555, -0.033857793710979064, 0.7643040599263116, 0.34563398575978693, 0.049102585531939746, 0.33829994264477586, -0.0985487632473869, -0.12326399816424452, 0.1946626830728509, 0.5792722821182708, -0.20955612918242217, 0.1682499718297922, 0.40914802896068836, -0.03282004240706209]}}