{"sampling_seed:42": {"accuracy": 43.333333333333336, "lorahub_weights": [0.3310400358844341, 0.48407919643471614, 0.4210644760372956, 0.5058951417828623, 0.48990910948769667, -0.1304886591751238, 0.027215077259024317, 0.6414810783251157, 0.004792966375618645, 0.4721061058593638, 0.1788878906755015, -0.010404959114254967, -0.1349891763279857, -0.13814783204010045, -0.1865482535172734, -0.056706382259495244, -0.08013539079897006, -0.07578758785268531, -0.023806505250680114, 0.5079659577010932]}}