{"sampling_seed:100": {"accuracy": 43.47826086956522, "lorahub_weights": [0.12572619772633126, 0.3083735576424691, 0.6834919489638931, 0.5794986153259427, 0.2873434560716864, -0.03275748259806583, -0.010486271851980372, -0.0014394451475706219, -0.042360061386515296, -0.02565442392989513, -0.01859595320284597, -0.04833867207384823, 0.5219038393858263, -0.04403430530104901, -0.0211142401878952, -0.014667988512112198, -0.04114570548260981, -0.03355051573295496, -0.026175936468103293, -0.015467643289003699]}}