{"sampling_seed:100": {"accuracy": 52.0, "lorahub_weights": [0.8681221260708578, 0.741872334409501, 0.6209829422597083, -0.06641299803693164, -0.028187735146230505, 0.04521530121216749, 0.01452032566685252, -0.15895985221193176, -0.02859820666505377, -0.09315018703973996, 0.11910344970693869, 0.5594999424927087, -0.24878726321642003, -0.11030755315325866, -0.17266791430677852, -0.28441858347572885, -0.2649047403784052, -0.11235950923447391, 0.03829334743802583, -0.011712687353879758]}}