{"sampling_seed:100": {"accuracy": 57.47126436781609, "lorahub_weights": [0.09973434188878377, 0.016578349800306754, 0.4368806523486465, 0.510878219662194, 0.6997421069150875, 0.33208879171178196, 1.011921841086904, 0.15162823575879986, 0.15369224711395968, 0.5020643055403523, -0.006135552450665437, 0.5251105737855822, -0.08663100272697803, 0.5264266019737197, -0.0008232158160924189, -0.021400189754670423, 0.5009414962700737, -0.037161133333760844, 0.5109250105197959, 0.5135516921581469]}}