{"sampling_seed:24": {"accuracy": 31.333333333333336, "lorahub_weights": [0.8480534939367405, 0.22140981734695103, 0.5415346212582542, 0.5222412707657306, 0.8503648314105184, 0.2563397139496182, -0.021077945174683088, -0.12929674246965997, 0.010595624698440118, 0.016141312937819126, 0.5117014250634522, 0.5203769086815275, -0.07448093317947702, 0.5203692071978896, -0.011582394355225158, 0.4523132381831201, 0.5007853088769597, 0.5020435031112982, -0.0717420583931031, -0.05987763760865582]}}