{"sampling_seed:100": {"accuracy": 39.33333333333333, "lorahub_weights": [0.7081377480418672, 0.0787723100124395, 0.21705109247016816, -0.7822242885611406, -0.09694922593932905, -0.38265925362745595, 1.0687105922987656, -1.2172119007998021, 0.5595629737839195, 0.021889157077153415, 0.5904418384703389, -1.0644843956236743, -0.4760358674344678, 0.18134759732917363, -0.0714942608804226, 0.13167010846895102, -0.2592524861244881, 1.059811415927202, 0.3652556310450041, 0.30487888783501693]}}