{"sampling_seed:100": {"accuracy": 32.608695652173914, "lorahub_weights": [1.3743414943522352, -0.015370215563816986, -0.2238395962451306, -2.029826474412434, 0.8020563096203139, 0.2856361092140466, 0.02689585541120794, -0.04656017518509106, 0.09285595284310866, -0.4242443126067099, 1.6981948333007986, -0.9843058165268218, 0.22167389724823133, 0.03929008583762879, 0.6789896325557276, -0.20086567072238964, 0.36906869311275825, -0.5720349705449872, 0.9161596429489542, -1.1596560517962626]}}