{"sampling_seed:42": {"accuracy": 40.0, "lorahub_weights": [0.5425471433428963, 0.2579777168565765, 0.6582061069365763, 0.20230059593810687, 0.043567002477814344, 0.21820512111726312, 0.5196794334045678, -0.09149356623585825, 0.15499962392059857, -0.04529110053800979, 0.1724545249265448, -0.1752626070911299, -0.27036051687411566, -0.1549307057988962, -0.3185250432413048, -0.0555532339801946, 0.0037123828387830987, 0.17612410857339175, -0.05557171034187451, 0.09875997302702418]}}