{"sampling_seed:100": {"accuracy": 42.66666666666667, "lorahub_weights": [0.3912769611408655, 0.39044094497745385, 0.46148275028353514, -0.016382158486940857, -0.044293272765247194, -0.023792978969860597, -0.1262837766494759, 0.49828100078498017, -0.027383255960030647, 0.5022459228139121, 0.2180096382616084, -0.039095704370075646, -0.05142677350755957, -0.13771311260482258, -0.011738625849354145, -0.024728868029664494, -0.03926493348958837, 0.2392359772804148, -0.037816126166779346, 0.027726450066087895]}}