{"sampling_seed:42": {"accuracy": 24.0, "lorahub_weights": [-0.6651891125821636, -0.6623215404596468, -1.1066904466043235, 0.5482229925467809, -1.3445372990188291, -0.5904867039331401, -0.5849960367742478, 0.49734231657690686, 0.6613766958736472, 0.9399894579779106, -0.1456312029945088, -0.6361089286138127, 0.5863452088041916, -0.4434959283370864, -0.7977685687572443, -0.2768889893685311, -0.6999003753598536, 0.34969154215183706, 0.12255800864243428, 0.14713437301988042]}}