{"sampling_seed:100": {"accuracy": 52.666666666666664, "lorahub_weights": [-0.010334372133755312, 0.03670328722626276, 0.13485936151231429, -0.013986389389494088, -0.03539601242343846, -0.05064795827178889, 0.013879514945609185, -0.03054477460267705, 0.022208365925144066, -0.04597494467642325, 0.003409120674292539, 0.02275263475086119, 0.7934417172289696, 0.05442750939727707, 0.23878155592717695, -0.006414266147749524, 0.13623651647168517, 0.10916989962726473, 0.5551785668926235, -0.08025770652715161]}}