{"sampling_seed:24": {"accuracy": 46.0, "lorahub_weights": [0.03238785407032292, 0.1496980364311071, 0.014295311127905016, 0.021344303370271697, 0.31933595194786185, 0.2327990541639824, 0.7831101630300435, 0.7983738066377789, 0.3286022011933637, -0.6148776232540791, -0.25230091755819606, 0.13560469929883182, 0.7786405494724296, 1.165810956584601, 0.6123160745428514, -0.2795523032885433, -0.48206312140228585, -0.167745472688434, -0.11576115459002785, 0.5861175158440411]}}