{"sampling_seed:100": {"accuracy": 43.333333333333336, "lorahub_weights": [0.19014076200627367, 0.5129250210949258, 0.4703887896302409, 0.08493830224816606, -0.14894082689153634, 0.0006842721084292928, 0.4918949513473539, 0.20249855330452657, -0.0031753491809049547, 0.5074414513803058, 0.12436814879550051, -0.09634680103568145, -0.15225463677493795, -0.1108024133419218, -0.07047283964190718, -0.06459073503880601, -0.18789467088324277, 0.13824088811657725, -0.01181347705354488, -0.15036767878280152]}}