{"sampling_seed:100": {"accuracy": 42.0, "lorahub_weights": [0.6594091174345956, 0.606776019650673, 0.7549720438673132, -0.1271064525023171, 0.528361598171462, -0.12056599508919898, -0.09497511204358794, -0.14128990744193673, -0.2018567465998941, -0.09514941666208895, -0.014707278575277663, -0.1382187205164177, -0.005227089413377214, -0.09190116157663604, -0.11828777183357739, -0.18954286656521313, -0.09994960177033423, -0.15639971416066573, -0.11089106682780038, -0.1694561002151715]}}