{"sampling_seed:42": {"accuracy": 0.0, "lorahub_weights": [-0.19630710002822946, 0.982369526219537, 0.7267096923844606, 0.25199509349373583, -0.29664255100879156, 0.32502343984850246, 0.3327952404771155, 0.4101720206456399, 1.1102917818968774, -0.1695133538176076, 0.803412336172464, -0.09312224348083022, -0.03959616674247729, -0.10571862649668111, -0.06528728598117699, 0.04188008779330818, -0.09129359983124011, -0.40808147030362835, -0.13258648454408228, -0.15684396481534396]}}