{"sampling_seed:24": {"accuracy": 37.333333333333336, "lorahub_weights": [-0.7629106790356581, 1.459396454012169, -0.9092369557339433, -0.2821037724575907, 0.514963779408787, -1.3362757076899574, -1.3198036952945298, 0.8283131532737582, -0.6327087347022564, 1.2196933166871045, 0.6490790847564009, 0.07536089477560348, 0.5532079394095173, -0.3568530168019171, -0.7881295571973972, 0.15042520029530845, -1.534905980268065, -1.5227936803140987, 0.4407406352076894, 2.7664940654079184]}}