{"sampling_seed:24": {"accuracy": 50.66666666666667, "lorahub_weights": [-0.7168834393964916, -0.7309193583726354, -0.8454354897935352, 0.1320217524062351, -0.6103234861945646, -0.8638836929599691, -0.15517491936416888, 0.4511431735898592, 0.5042283413915959, 0.6380731359588938, -0.11855297147191557, -0.9660286123019239, 0.5466805549857092, 0.09450122662822003, -0.12265796734544812, -0.07501780331602005, -1.1312896950639397, -0.02259241123387895, -0.8308929170556579, 0.1387468282182426]}}