{"sampling_seed:42": {"accuracy": 0.0, "lorahub_weights": [0.7864453950001482, -0.2608814657634175, 0.764930966187877, 0.772666352349423, 0.7447504458270024, -0.19203291171602482, -0.06899655872285186, -0.26735015314864863, -0.15341521632812047, 0.0697818528138924, -0.11348754730997118, -0.10119267650321875, -0.1319450785782042, 0.06324331103517727, -0.0410933784248249, 0.5024023118655985, -0.1335402750436227, -0.04242000824656175, -0.01664077663407316, 0.5173302963485247]}}