{"sampling_seed:24": {"accuracy": 0.0, "lorahub_weights": [-0.26559956591208517, 0.9663033698847425, 0.7880369916706916, 0.42627063115038344, -0.28165293194278546, 0.2667333697806652, 0.276992357712879, 0.4493595594895295, 1.0766346692901183, -0.2283226975308116, 0.5934571042467753, -0.10939141497991219, -0.06803010911426291, -0.11818269104076351, -0.10017645329643035, -0.17520973268141657, -0.08903464483010666, -0.4403147617356508, -0.15159387322041354, -0.19949702953775172]}}