{"sampling_seed:42": {"accuracy": 49.333333333333336, "lorahub_weights": [0.08012565182495038, -0.4037921646827303, 0.006458186757897897, 0.06977347014462382, 0.5695565236990765, -0.1638716408907373, 1.0951754273347833, -0.02694916800385875, 0.25526575798094736, -0.5516870711739735, -0.18698435028467786, 0.2610559514298737, 0.5628763096450204, 1.034125839336776, 0.41834056401851255, -0.36741695759634085, -0.061457006219598515, -0.028157748408207152, -0.05790526660630248, 0.7434272494360267]}}