{"sampling_seed:42": {"accuracy": 47.333333333333336, "lorahub_weights": [-0.4441657957188122, -0.6584755099591293, -2.1658203725159546, 0.6568744045062331, 0.5641766676190603, -1.2040387560508274, 1.8079307814591112, -0.982886332764967, 0.9030482429338642, 1.2377784150686373, 0.8298773668572172, 0.06981572759017823, 1.3442314269582498, 2.0434474263662006, -2.4504210728790463, -0.036861606443936996, -2.06830113556451, -0.004685948739374286, 0.7432813662699214, -0.4992823638207262]}}