{"sampling_seed:42": {"accuracy": 50.66666666666667, "lorahub_weights": [0.41719241799477286, -0.9121991349317049, 1.3523059546103928, -1.0296720022961108, 0.8252436683240586, 0.6118864870253213, -0.17968212897006497, -0.6855431066390925, 1.7475882896247088, 0.3106738085758445, 1.2014587043205585, 0.9965563881861176, -0.511136257991337, 0.7429762749550918, 0.1813082873312996, 0.3419096690576491, 0.028887682037330182, -0.294471461297465, -0.30568679160853374, -1.4010254848777866]}}