{"sampling_seed:42": {"accuracy": 37.333333333333336, "lorahub_weights": [0.04176030705008299, 0.1043586617209412, -0.07056298643564107, -0.2733142925964548, -0.03896933709433119, 0.5180594794711966, 0.25608469546207024, -0.11193544013696924, 0.2213006624722496, 0.14529090801821073, 0.404212259137091, 0.2599191790738722, 0.3519347350997639, -0.0018727131289942474, 0.017370184858572203, 0.04105713365775523, -0.04004220672256929, 0.1164402979353592, 0.13091860442851636, -0.11359081007367297]}}