{"sampling_seed:42": {"accuracy": 43.333333333333336, "lorahub_weights": [0.8517533501925594, 0.6891272245846995, 0.20743654962951874, -0.17923612658552127, -0.04774278154553722, 0.015578343032693991, -0.005910861776914367, -0.10419692163094871, 0.015045896362359064, -0.08329868883089195, 0.5159671869061156, -0.13727401317793, -0.037707382477978564, -0.06667937435241958, -0.2692887436486214, -0.14506780477197534, -0.09873248600018786, -0.2232955498401395, -0.047358945485077825, -0.03175668469741698]}}