{"sampling_seed:24": {"accuracy": 45.33333333333333, "lorahub_weights": [0.017875430387916974, 0.6658436675745482, 0.4976497027442251, 0.7886208438699461, 0.0036997203660068044, 0.5212086868673069, 0.018448144092444135, 0.7306854077818771, 0.411933147083111, 0.24050371890592115, -0.09821988407117944, 0.5047147855423793, -0.0598635670913324, -0.2913841001557625, -0.21847122040179895, 0.43690946929783636, -0.2961433090060049, -0.007297735070257088, 0.2855547880304279, 0.5196807995588797]}}