{"sampling_seed:42": {"accuracy": 30.0, "lorahub_weights": [-0.11533943306877015, -0.7804139748473088, -0.3148123701544897, -0.5145206450525786, 0.4164526599558164, -1.056006848280758, 0.10028684982141453, -0.05333588472106178, 0.5512991742049846, -0.9458809267591958, 0.4413151609525108, 1.9459305691816586, 0.337057735640815, 0.9647451531768476, 0.24068875633402018, -0.06914454952683435, -0.46975173045812035, 0.03391030875079062, -0.2910833069062322, -0.7050952082691235]}}