{"sampling_seed:42": {"accuracy": 55.12820512820513, "lorahub_weights": [0.02909002920432107, -0.05139880022857225, -0.11679122157004959, -0.06693451366702602, -0.09489479862383542, -0.10152887675234629, 0.02094902868217953, 0.00992504528911305, -0.19835093913811475, -0.15628569811718485, -0.19197247988969113, -0.06003481908152657, 0.12296145039591329, 0.16277039391234505, -0.01659987241839074, 0.06383383714211147, -0.03644976642609187, -0.2185505282805181, 0.0011272836550362923, 0.22093803953415622]}}