{"sampling_seed:100": {"accuracy": 60.0, "lorahub_weights": [0.940583291118813, -1.3088304687204566, -0.041820440458766484, -1.137561631562929, 0.2379504232991585, 1.0171949020982618, 0.2728425573588812, -0.22505074634397138, 0.10754041410015612, -0.30049655741416004, 1.314493936434651, -0.5565463888118789, -0.12286566136111837, -0.05443671740840436, 0.5930074227831923, 0.14566681015611802, 0.2763673308761012, -0.3725078489155918, 0.032170068431238374, -1.0566808620738173]}}