{"sampling_seed:100": {"accuracy": 56.00000000000001, "lorahub_weights": [-1.3056888770585908, 1.8638350591021116, -0.761140229596135, 0.12226407027871494, -0.1502326655967982, -1.9473368651298526, -1.0769629039496544, 0.5289344667541265, -0.28178831162158, 1.2667790079760575, 0.8602348486865383, -0.21545775408938933, 0.9604977996489392, -0.17940203812747363, -0.3645233906034347, 0.4008706156344479, -1.012759466890899, -1.2917589880356166, 0.3825620133394996, 1.4757590983260451]}}