{"sampling_seed:42": {"accuracy": 26.0, "lorahub_weights": [0.8271835588965645, 0.7828214990731082, 0.025177693253387264, 0.010996678223588576, -0.3396077567391484, -0.2986130539441631, -0.29074557990277766, -0.21665023136548, 0.7407051397864888, -0.1282516607814334, -0.3684809387309145, 0.13629274666494828, 0.16451548992434548, 0.7067260843361699, 1.072609955170279, 0.7454634792515227, 0.4605909672200279, 0.028272062182410955, 0.5901527060457079, -0.050894847611941206]}}