{"sampling_seed:42": {"accuracy": 53.84615384615385, "lorahub_weights": [6.43210136709485e-17, -6.319736335557173e-17, -1.4721140484981278e-17, -2.820114349670412e-18, 1.03699767085632e-16, -3.835427305402623e-17, 2.0148182861107747e-17, -1.0252299512041638e-17, -1.02815788664002e-18, 2.0800173288466715e-17, -1.478218912016933e-17, 1.0840272021457509e-17, -0.10815408852355723, 0.04041720354052862, -3.440502731338076e-17, 9.547482204880589e-20, 0.03386844249151432, 0.5338684424915143, 0.0, 0.0]}}