{"sampling_seed:42": {"accuracy": 52.0, "lorahub_weights": [1.6170727900510489, -0.39114684394056043, 0.26408984566291727, -1.4073702768492324, 0.222694543912978, -0.7378605607424417, 1.4804496714955724, -1.1897473009707407, -0.31941425823762853, -1.4003621882467414, 0.6152452492592151, 0.17966485683549993, -0.5511487351504689, -0.29750159041040725, 0.09880781656242449, 0.4129575000970081, -0.8216413852060371, 0.9255336391461041, -0.02322479403428404, -0.4547130027983529]}}