{"sampling_seed:100": {"accuracy": 60.256410256410255, "lorahub_weights": [0.5, -1.411771892336175e-17, -4.7418052926905775e-35, -6.8336616157519176e-18, 1.040717759604498e-17, 5.763781858123139e-18, 7.162455229175692e-18, 0.0937395222870535, -0.08269160756325276, 0.1231043036251055, -0.021687102825823503, 0.0, 0.0, 0.0, 0.0, 0.5, 0.0, 0.0, 0.5, 0.5]}}