{"sampling_seed:100": {"accuracy": 55.333333333333336, "lorahub_weights": [0.49909448857508926, 0.3667775068795615, 0.4095923668212008, 0.48050641524247273, 0.493509722145038, 0.4929100956199642, 0.6349999180477542, -0.0008650478006977905, 0.6273404693787353, 0.5054746313493955, 0.5048457283663063, 0.006771106209763566, -0.00046013821857473363, -0.13520982872108617, -0.13481424146441368, -0.008564267736211412, -0.12264032952221682, -0.005399665239123259, -0.2165965206526489, -0.010651712924029071]}}