{"sampling_seed:42": {"accuracy": 62.0, "lorahub_weights": [0.801941005410387, -0.08619859811963768, 0.5564573815882208, 0.5253196067063673, -0.13420865285547304, -0.28895524526323296, 0.5207576704342967, -0.025652097908635853, -0.16221884639488207, -0.02959879476203931, -0.12782287759201472, 0.6305161577893996, 0.115309183784701, -0.16972278104108962, -0.18362556947384404, -0.12987867400090383, 0.12528785433248105, 0.08468949709719732, 0.5324505428950804, -0.10701524250292563]}}