{"sampling_seed:24": {"accuracy": 0.6666666666666667, "lorahub_weights": [1.0984119950679947, 0.5889690918119898, 0.07610672702826886, 0.3927303846451539, 0.7226171607203995, -0.34953279782718694, -0.4106080249940628, 0.9755346598324145, 0.5125786137896152, 0.23010566213053968, -0.06483138574140962, 0.27448376511401734, 0.1570839236421602, -0.378097098304671, 0.15316491793692538, -0.8205770371579276, -0.8218700905108831, 0.5226198650131404, -0.0908398766640052, 0.5003744626505349]}}