{"sampling_seed:42": {"accuracy": 2.666666666666667, "lorahub_weights": [0.8391810285771331, 0.5417514164608004, -0.37336042500134276, 0.5067556270480336, -0.11902459861303466, -0.30792411831648453, -0.5240428790188902, 0.055680867304040704, 0.09694004661752362, -0.028846103633945436, 0.5422921977455195, -0.18149705757287538, 1.0123969148399596, -0.5414083256599216, -0.887848429145832, 0.12662078869629093, -0.6111528326732615, -0.049632614612713385, 0.7233308398088154, 1.3308748906190795]}}