{"sampling_seed:100": {"accuracy": 50.0, "lorahub_weights": [0.008760959827104647, 0.2851704098481609, 0.07191229618056526, 0.0754909858521777, 0.45812255749779757, 0.2039953312285657, 1.1232094925183644, -0.06275181635013366, 0.35561746716016907, -0.7654194808342931, -0.19292764331646, -0.23124094957084831, 0.8758914685510799, 0.9688613922461681, 0.7276568162828212, 0.07474753505952203, -0.3385878022515386, -0.2995068435280055, 0.09190293612356576, -0.0036123015852671334]}}