{"sampling_seed:100": {"accuracy": 44.666666666666664, "lorahub_weights": [0.7943412623809555, 0.11057835331757283, 0.26903314108049403, 0.5940874059416262, 0.14471671732256977, 0.6481032159372914, 0.5916445909476519, 0.40230731127976693, 0.7036583137436881, 0.07370480022536359, 0.33282955101184286, 0.06158167817241614, 0.37563924715348807, 0.02686456417176214, -0.2546678855760314, 0.5317193322013237, 0.5096050630500886, 0.5396368787599378, -0.02445693433382911, 0.30723446789528314]}}