{"sampling_seed:42": {"accuracy": 20.666666666666668, "lorahub_weights": [-0.20460360852365123, 0.32659469321648527, 0.24632301686149768, -0.31006729923208526, 0.022756486222478223, -0.40417420277351673, -0.19458229187039489, 0.37390634029517195, 0.17387089884743168, -0.47797416879308624, 0.7672767067247774, -0.14012654060500312, -0.09241419990110261, 0.18114686300762262, -0.21107122603956802, -0.32257261921209796, -0.18288042482181824, 0.7116389184669887, -0.1555300425931945, 0.008630633064649826]}}