{"sampling_seed:42": {"accuracy": 43.333333333333336, "lorahub_weights": [0.9356116727921359, 0.7643479788759112, 0.22154237874385002, -0.03897178711261061, 0.18504233591550995, 0.507168679726419, -0.20704781329600735, -0.17922803585379707, -0.1803404388465612, -0.17669755741480186, -0.056859204329714585, -0.11669674883436178, 0.003207115021902354, -0.042228316240223565, -0.21322702762408438, -0.0004985900605635196, -0.16526103497813643, -0.10362226887836223, -0.05909410608194034, -0.08179085791162273]}}