{"sampling_seed:24": {"accuracy": 40.666666666666664, "lorahub_weights": [0.28439239789849674, -0.4211652371947696, -0.18667995071919644, -0.8325597805749593, 0.051849135990000295, -0.5783734139605311, 1.6180122280656906, -0.537232784574196, 0.9335726587902975, -0.6163334314714399, 0.043910134657049654, -0.4047203163562607, -1.1795100765651976, 1.0166181396805127, 0.10875787574883092, 0.10538248221509997, -0.41018728547425554, 0.4319287710987361, 0.04389058506624788, -0.6054473305483367]}}