{"sampling_seed:24": {"accuracy": 49.42528735632184, "lorahub_weights": [0.027158202079058634, -0.23228346852498644, 0.4667831697751511, 0.3777055522087982, 0.5406990067519134, 0.10903538776954569, 0.7489408178245778, 0.5922175194911331, 0.024521848415007833, 0.8994066900507651, -0.0007865039069480497, 0.04178415941923136, -0.03608227618948313, 0.558739700048447, -0.04680475417522009, -0.012096801457454079, -0.00166982239166583, -0.16841459481000365, 0.5183168051066915, -0.06632601539220538]}}