{"sampling_seed:100": {"accuracy": 22.666666666666664, "lorahub_weights": [0.7345197992407871, 0.16424304073020723, -0.0026976945575711564, 0.35979234232516744, 0.2796414598687016, -0.01385849934227009, 0.0014632213674939248, -0.23686986059324505, -0.23831250546135518, 0.05264464282138509, 0.20225780418450306, 0.18102945939401066, 0.47621985854217563, -0.34483363996214755, -0.08412429364701518, 0.020094621470677698, -0.008501034277453384, -0.11839125717022457, 0.2277844504395028, 0.18038017335949943]}}