{"sampling_seed:24": {"accuracy": 52.666666666666664, "lorahub_weights": [0.045404772367717755, 0.5406745796525103, 0.03620909081462165, -1.1206125620430296, 1.208657242956653, 0.22418008494812225, 0.43560716671014305, 0.46272279858608856, 0.23960601141178384, 0.3936986016509777, 0.09449977372205345, 0.43621320610517045, 0.7591439193953176, -0.5101193563958742, 0.25964783050497886, -0.19312109856393664, -0.018783854146345397, 0.939153383538613, -0.3153639199391526, 0.7768480993515672]}}