{"sampling_seed:100": {"accuracy": 60.0, "lorahub_weights": [-0.026568318657841893, 0.49096330468461374, 0.5235612560933817, 0.15051844970076922, 0.4647743151288499, 0.4917780840764174, -0.08488004318128645, -0.02653230189704698, -0.03850761188916003, 0.15035400157089474, -0.1641423625215891, -0.02843438762572094, -0.03194124217052971, -0.030076577456101077, -0.08764086314040251, -0.014342262699164228, -0.031868471865319596, 0.5261207213112957, 0.011398898943266655, 0.0008665704456907652]}}