{"sampling_seed:100": {"accuracy": 1.3333333333333335, "lorahub_weights": [0.053366036529740174, -0.015239781652118534, -0.8142088518885908, -0.039532234014752476, 0.2008816316326157, -0.6151650774734274, 0.7416118751426518, -0.0024636242190586577, 0.31321012403848425, -0.4593575335927001, 0.15112741889465436, -0.0348789032472096, 0.5048943398258873, 0.9095412785428968, -0.11533227205400022, 0.13239515564812993, 0.17946175063021347, -0.11122924466016712, -0.09039633820001163, -0.7955146055899215]}}