{"sampling_seed:24": {"accuracy": 71.33333333333334, "lorahub_weights": [0.2582734162805419, 0.5179585702392387, 0.5016661061882897, -0.00035462916149201493, -0.00016443805696060682, -0.000209120893484296, 0.5000129896780494, -0.013465408468819225, -0.027703249445428464, -0.021513761542316344, -0.004692451032502853, -0.0005667243222526871, -0.03168789852172024, -0.0003879816761406532, -0.0007084393799132811, -0.00257554072198632, -0.03425862779907479, -0.0009576145201146182, -0.005953266897269433, -0.009348030416792781]}}