{"sampling_seed:24": {"accuracy": 43.333333333333336, "lorahub_weights": [0.3789481787745802, 0.4723047966181191, -0.001317827737387304, -0.14649361954330467, 0.612464732123326, -0.018998374384552846, -0.021497627792605976, -0.011437080374212323, -0.012125366740959088, -0.0282176239803674, -0.01767605397978098, 0.05588878607574909, 0.5102868890177685, 0.21478685002033898, -0.04929365924684212, 0.1567444315764913, -0.08303406446583317, -0.1300667140196901, -0.029880452331007695, -0.10575318484844604]}}