{"sampling_seed:24": {"accuracy": 29.333333333333332, "lorahub_weights": [-0.8060308799039992, -0.5116062181020472, -1.240682732862421, 0.5441460416164438, -1.235977881305941, -0.5851355853045334, -0.44795164803625487, 0.3973299801029944, 0.6461837052522234, 0.82275747615092, -0.5052556337013843, -0.7374943455768965, 0.5341975741835915, -0.322157024875167, -0.5322478704509569, -0.18264413822267506, -0.6232025359834646, 0.02291192188485526, -0.03761745459532673, 0.2932538742359003]}}