{"sampling_seed:24": {"accuracy": 70.66666666666667, "lorahub_weights": [0.06611013878550641, 0.5879111242432037, 0.4407854529310663, 0.0163378149539667, 0.03308837722603695, 0.03099148831397435, 0.540572082752029, -0.017735081837543014, -0.11282488991673281, -0.14675672821890764, -0.02033819041612765, 0.1234997746947112, 0.20623699779846955, -0.09420234301482423, 0.1357243115700921, 0.07079642952518572, -0.044146822139573424, 0.17975368196128688, 0.04685074730399897, 0.018062190129304694]}}