{"sampling_seed:100": {"accuracy": 0.0, "lorahub_weights": [-0.27650596370556685, 0.7680186605557098, 0.5250483519812549, 0.7441966465275681, 0.31083648473817393, 0.41315907717315276, 0.39765466539070093, 0.106771103590938, 0.7037496207441314, -0.04919894792359644, 0.5566375679028672, -0.05705340580838983, -0.032414310194822944, -0.0873158666857588, -0.03567077784597286, -0.08440187192940037, -0.03414088927734812, -0.48523928835492497, -0.08658904840582159, -0.3092808246852241]}}