{"sampling_seed:24": {"accuracy": 42.0, "lorahub_weights": [0.10086798087047956, 0.2166841963036491, 0.5055489846989193, -0.14795131597293762, 0.20956318030859739, 0.1003603476606028, 0.10086632237221667, -0.05149768330438046, 0.14125688144796947, -0.1540945946159838, 0.029397673963888704, 0.043824466347776224, 0.042263170018592644, -0.04243064898761967, -0.09027863710098272, 0.04630607132778419, 0.11183200612078717, 0.05373666713812389, -0.05334082539638971, -0.12157530705227763]}}