{"sampling_seed:100": {"accuracy": 28.000000000000004, "lorahub_weights": [-0.14255202133043965, 0.43760333628786047, 0.3558616672974226, 0.4445305805943891, -0.25291682436965357, 0.034207313454101385, 0.3327861030125626, 0.013525747521847802, 0.2175826204060798, 0.2884999571421556, 0.6987274912292613, 0.7068271583663466, -1.0673784943700735, 0.020191431981390222, 0.821071269988468, -0.3090490831631585, -0.29409850647949454, -0.46558139665978, 1.1685707787147481, 0.9404724935649635]}}