{"sampling_seed:42": {"accuracy": 72.0, "lorahub_weights": [0.4740989083387942, 0.4632412464545349, 0.4785689739533741, 0.46738744201664967, 0.46068657805692437, 0.0029208571402298306, 0.4844224268583288, 0.4869254077400735, -0.00690983245650967, 0.500276126418116, -0.0056565230105681645, -0.0022287126441669376, 0.5012704971778811, 0.5004529247895522, 0.22474578352117638, -0.02124770949128998, -0.004842103631630097, -0.02196692566704861, -0.07355894942127796, -0.004661483341334099]}}