{"sampling_seed:100": {"accuracy": 38.0, "lorahub_weights": [0.26869561070904346, 0.58893041647245, 0.5130634991773503, -0.00966377407189934, -0.009090704632987489, 0.5008515943917212, 0.07028480926102768, -0.014882053350896261, 0.08243355877695303, -0.09689338301596817, -0.0013504687098439398, -0.007394903418808916, -0.004070743167441735, -0.09425299728775718, -0.005577079593401946, -0.10434485946979834, -0.0029945849684668924, -0.0036903486638906126, -0.0045509219482284665, 0.07970724069841298]}}