{"sampling_seed:42": {"accuracy": 54.0, "lorahub_weights": [0.491633576929342, 0.5085476300149446, 0.49158816000415, 0.43589351950696337, 0.5798421582858998, 0.499913600794336, -0.009874640323748938, -0.008605656668061039, 0.0006426353130473705, 0.12484808577454753, 0.3898040628634979, -0.005652180210943709, -0.005652180210943709, 0.048650160707641346, -0.005652180210943709, -0.005652180210943709, -0.005652180210943709, -0.005652180210943709, -0.005652180210943709, -0.005652180210943709]}}