{"sampling_seed:24": {"accuracy": 12.0, "lorahub_weights": [0.13867561661684155, -0.02160776101814839, 0.05166307849823463, 0.6256591223768985, -0.12584344103221295, -0.11168430478315702, -0.07957017455714648, 0.12746721159562158, 0.03882159809202099, 0.11510281420064972, 0.36020364329769067, 0.21321245425658425, 0.03929026593078344, 0.028019664746429765, 0.688651758637457, -0.13121195613385617, 0.09013981607528859, 0.1319087307772563, 0.6124427530498526, -0.12856489660442927]}}