{"sampling_seed:100": {"accuracy": 51.724137931034484, "lorahub_weights": [0.025974826503662028, 0.05257247171091661, 0.504760562511631, 0.5094895704113453, 0.5302419238653782, 0.19433938560649155, 0.8742656807811183, 0.5426116781446839, -0.02209945735678778, 0.5012310032654955, -0.013027933817093253, 0.541306732535096, -0.032121984910490654, 0.5435952066957609, -0.003790179466117413, -0.039571991426965235, -0.0007214777113930711, -0.04407224638549897, 0.5207731221831339, 0.5310199301749161]}}