{"sampling_seed:24": {"accuracy": 71.33333333333334, "lorahub_weights": [0.4930675145178851, -0.24317482737692492, 0.7439043322005661, 0.4119992793258336, 0.7339997570488429, 0.4999369026022852, 0.6079039796560126, 0.5, -0.04715370245888658, 0.5034883851632325, -0.003488385163232512, -0.003488385163232512, -0.003488385163232512, -0.003488385163232512, -0.026862283234494744, 0.06147800436728207, 3.913821666344383e-06, -0.003488385163232512, -0.003488385163232512, -0.003488385163232512]}}