{"sampling_seed:42": {"accuracy": 60.66666666666667, "lorahub_weights": [0.578003907584157, -0.07441590764726055, 0.5705101013469408, 0.7825874224918954, -0.1822358271036416, -0.2692865884722324, 0.5641672813312768, -0.2667910349788291, -0.05804670471136597, -0.01684964349417619, -0.10872145848984774, 0.6485208630777449, -0.03807817524023566, -0.14542322629193738, -0.14405880517521644, -0.11076147857305758, -0.037632108834765705, -0.004085071401725403, 0.5484113117260495, -0.024550350168747306]}}