{"sampling_seed:24": {"accuracy": 0.6666666666666667, "lorahub_weights": [1.1831323929579822, 0.5710301586267122, 0.02663979419154626, 0.31218518973442977, 0.6256940496887913, -0.25985064779849937, -0.3665984707469755, 0.9137640798969078, 0.7646079354250624, 0.5665341225443307, -0.11921690058691299, 0.02495852435593282, -0.05232738997874977, -0.009885778760969556, 0.5851543112242311, -0.8020545943367463, -0.15235894581447837, 0.8156928836283498, 0.1127734318791472, -0.31345124102417904]}}