{"sampling_seed:42": {"accuracy": 43.333333333333336, "lorahub_weights": [0.2504182947025552, -1.238184136289513, -0.199326203412313, -0.7600716928167496, -0.2513472470936242, -0.9529467828418006, 0.1646843768709447, 0.08034485481877635, 0.846782689081447, 0.012348837259745449, 0.34724785536911673, -0.7454041113439331, 0.2609268115032249, 0.3959848266538953, 0.19616403501624122, -0.3407313429472622, -0.14710156624773635, 0.03810220201379366, 0.3487590938949888, 0.4961631732272459]}}