{"sampling_seed:100": {"accuracy": 52.0, "lorahub_weights": [0.6761562179449985, 0.543401735600355, 0.13196440080230443, 0.04785319999146317, 0.3125247241616519, 0.03278090380759205, 0.5068380630108037, 0.019758618836679086, -0.17782386294189279, -0.011540949200726422, 0.14017943357320967, -0.1255095269602268, 0.02033490388600717, 0.10143763973168307, 0.13973377920607616, -0.0033184069558305244, -0.08236637042753667, 0.5331573275111574, -0.02551098232668359, -0.025401108219610977]}}