{"sampling_seed:100": {"accuracy": 68.66666666666667, "lorahub_weights": [2.011222713931556, 1.060097015168268, 0.08958023759594297, -1.7695838345648702, 1.0073681182979588, 0.5077039558969513, -0.5717647790430803, -0.2915901270141893, -0.48228883940825273, -1.0609111663315276, 1.473914596992835, -0.7314790729980243, -0.45924340712155554, -0.3184823865445945, 0.07967663895678478, -0.8238948404940887, -0.3224770674232141, -0.40324027364658954, 0.6873283206363077, 0.11719488847506043]}}