{"sampling_seed:42": {"accuracy": 55.333333333333336, "lorahub_weights": [0.25776114159594693, 0.5366113250391265, -0.35714468295378987, -0.08840822597513225, 0.48962778642750476, -0.2411758371423534, -0.2237314887505727, 0.035079311220044554, 0.08684560391385457, -0.6796888784184467, -0.17836797983731253, 0.5155451391423237, 0.7703366382725891, -0.0051908671977110785, 0.5144352734039823, -0.07741648326544144, -0.07217589296490552, -0.09148125634604562, -0.02383896209218334, -0.05613782202891013]}}