{"sampling_seed:42": {"accuracy": 56.666666666666664, "lorahub_weights": [-0.2320314909051167, -0.27204918767704067, 0.5504474502525327, 0.28706942550714565, -0.1418857498493505, -0.17932010403958462, -0.758835649663607, -0.2023641933581596, 0.6587681425038107, 0.10184378307635608, -0.2689511800320302, 0.5819869012575659, -0.010834097159801853, 0.026228799170594785, 0.3429007504298707, 0.05438017383987521, -0.24635768912923373, 0.14964345556073522, -0.30515985827653125, 0.4324945948324319]}}