{"sampling_seed:42": {"accuracy": 70.0, "lorahub_weights": [1.208118062605709, -1.1577175596019118, -0.682088831103749, -1.1237031325797255, 0.642126675991596, 1.301849102926212, 0.17814704662031733, 0.5586253767271486, 0.07894547627582156, 0.18989717922017915, 1.2147336052380566, -0.5314234881586488, -0.056064222119849925, 0.3617959630118468, 0.17335302963173221, 0.0681258397711621, 0.17894157741080985, -0.13224517671825214, 0.8141506613292284, -1.0817866011061725]}}