{"sampling_seed:24": {"accuracy": 39.33333333333333, "lorahub_weights": [0.46664726724315175, -1.3820415616407566, 0.4002340883569877, -0.35389199318043096, -0.3286402007376229, 0.19238920723444572, 0.6032769021899449, 0.08566650319409813, 0.18569169016191656, 0.3031332486796271, 0.4520922738026135, -0.5116064613789328, 0.5412484492944859, -0.40106283787704533, -0.012973733816878233, -0.08337973068934795, 0.07819214664025917, 0.3641883440413654, -0.007806682366226045, 0.798200133026346]}}