{"sampling_seed:24": {"accuracy": 41.30434782608695, "lorahub_weights": [0.25711148126477, 0.42078599285486973, 0.6456500833832067, 0.5104233465020777, -0.021277050917511194, 0.169101378101827, 0.15284476980824643, -0.015849798242604025, -0.01080748121091604, -0.010153283812319794, -0.016377139804786937, -0.01831665598206983, -0.017018490959429304, -0.026989831515047892, -0.013696322323270515, -0.017971763702452886, -0.006795400265101337, -0.01760320968708348, -0.02392879406064856, -0.015368598449994605]}}