{"sampling_seed:100": {"accuracy": 44.0, "lorahub_weights": [0.16327254263457003, 0.3032036763194064, 0.0415570513322342, -0.15838472581762852, 0.6372192535710449, -0.023485698939832288, -0.013359792464033368, 0.5179230610989514, 0.2256356835644431, 0.019469015845092516, 0.030544222963182127, -0.22744606538513962, 0.15287088304162216, 0.1627642549178839, -0.062109362363444984, -0.20627866462576155, 0.004965019610285228, 0.19994726816440253, -0.05288828137191535, -0.02268435725061077]}}