{"sampling_seed:42": {"accuracy": 23.333333333333332, "lorahub_weights": [0.37542439863243726, 0.49005725183951876, -0.0007101962971772317, -3.753346129043467e-18, 1.6859278252257065e-19, -0.0007101962971772317, -0.0007101962971772317, -0.0007101962971772317, -0.0007101962971772317, -0.0007101962971772317, -0.0007101962971772317, -0.0007101962971772317, -0.0007101962971772317, -0.0007101962971772317, -0.0007101962971772317, -0.0007101962971772317, -0.0007101962971772317, 0.4992898037028228, 0.0, 0.0]}}