{"sampling_seed:100": {"accuracy": 55.333333333333336, "lorahub_weights": [0.5092836106336595, 0.4725171280246394, -0.719130711616156, -0.19055619011701458, 1.031725302124483, 0.03908312268111866, 0.8348194517883648, -0.5829448721169929, -0.1388615080927088, 0.4427308743111046, 0.21195814399498714, 0.15787118361521127, 0.6320085378381786, 0.7353303418737074, -0.9989797388206095, 0.10410165206839629, -0.5367075819112745, 0.20688078713615082, 0.5690641258214669, 0.8764487469500605]}}